:020000040800F2
:10000000B02E002059020008BD63000811580008F6
:10001000B96300081D07000881780008000000008F
:100020000000000000000000000000003164000833
:1000300049090008000000002D64000889640008D8
:1000400073020008730200087302000873020008BC
:1000500073020008730200087302000873020008AC
:10006000730200087302000873020008730200089C
:1000700041070008510700086107000871070008E0
:10008000730200087302000873020008730200087C
:1000900021070008310700087302000873020008F6
:1000A000730200087302000873020008730200085C
:1000B000730200087302000873020008730200084C
:1000C000730200087302000873020008730200083C
:1000D0007302000841780008517800086178000830
:1000E000730200087302000873020008730200081C
:1000F000730200087302000873020008730200080C
:1001000073020008730200087302000873020008FB
:100110006D6F000873020008616500087302000833
:10012000730200088107000891070008A107000872
:1001300073020008730200087302000873020008CB
:1001400073020008730200087302000873020008BB
:100150007302000873020008730200087178000837
:10016000730200087302000873020008730200089B
:100170007302000873020008730200080000000008
:10018000730200087302000800F002F800F054F84F
:1001900014A696E8000CB244B344DA4501D100F04D
:1001A0004BF8BAE80F000FA696E83000A5EB04055F
:1001B00004EB0607AAEB0704A7F101074FEA1515A0
:1001C0004FEA3414A4F10104AC4201D300F034F836
:1001D00013F0010F18BFFB1A43F0010300F001F800
:1001E000DBE7184724B6000044B60000103A24BFED
:1001F00078C878C1FAD8520724BF30C830C144BF8C
:1002000004680C6070470000704700000023002461
:1002100000250026103A28BF78C1FBD8520728BF16
:1002200030C148BF0B6070471FB50AF090FC00F06A
:10023000D5F81FBD10B510BD00F0FAF81146FFF754
:10024000F3FF09F099FE00F018F903B4FFF7F2FF8D
:1002500003BC00F01BF9000009488047094800472B
:10026000FEE7FEE7FEE7FEE7FEE7FEE7FEE7FEE766
:10027000FEE7FEE704480549054A064B70470000C3
:100280004D65000889010008B0280020B02E00202C
:10029000B02A0020B02A002053EA020C00F0698046
:1002A0002DE9F04B4FF00006002B1FBFB3FA83F58A
:1002B00003FA05F424FA05F65E4012BF1643B2FABB
:1002C00082F502FA05F4C5F120051EBF22FA05FCED
:1002D00044EA0C04203556EA044C4FEA144418BF93
:1002E000641C4FF000084FF00009904271EB030CC2
:1002F00039D3002919BFB1FA81F701FA07F6B0FA2C
:1003000080F700FA07F6C7F120071EBF20FA07FCA6
:1003100046EA0C062037B6FBF4FCA7EB0507103FB6
:1003200007F01F0BCBF120062CFA06F60CFA0BFB9C
:1003300044BFB3460026202FA4BF5E464FF0000BFB
:100340005BEA060C08BF4FF0010B19EB0B0948EBF9
:100350000608ABFB027C06FB02CC0BFB03CCC01BEC
:1003600071EB0C01C1E70B46024641464846BDE829
:10037000F08B13B5084318BF4FF0FF300146AFF3C1
:100380000080BDE81C4070474FF0000200B51346E6
:1003900094469646203922BFA0E80C50A0E80C50A5
:1003A000B1F12001BFF4F7AF090728BFA0E80C5056
:1003B00048BF0CC05DF804EB890028BF40F8042B4F
:1003C00008BF704748BF20F8022B11F0804F18BFBC
:1003D00000F8012B704770477047704708487CB59C
:1003E0007844009007487844009C0546019004E05A
:1003F0002046016808448047241DAC42F8D17CBDEA
:1004000044B4000042B4000010B500F009F80068E0
:1004100010BD10B5044600F003F8046010BD0000E4
:10042000004870472800002000487047280000203E
:100430007546FFF7F9FFAE4605006946534620F0C2
:100440000700854618B020B5FFF714FFBDE820402F
:100450004FF000064FF000074FF000084FF0000B80
:10046000AC46ACE8C009ACE8C009ACE8C009ACE8EF
:10047000C00921F007018D46704710B50446AFF35F
:1004800000802046BDE81040FFF7DFBE014918207C
:10049000ABBEFEE7260002007047000080B582B0C8
:1004A00001900198806B00900098006C10F0500F44
:1004B0003AD1FFE70099086C40F400700864009896
:1004C0000068806810F0405F2AD1FFE70098007E46
:1004D00030BBFFE700980068C06A10F4700F07D0C7
:1004E000FFE70098006880684005002818D4FFE7FF
:1004F00000980168486820F0200048600099086C66
:1005000020F4807008640098006CC004002806D4B1
:10051000FFE70099086C40F001000864FFE7FFE77F
:10052000009800F023FB10E00098006CC006002843
:1005300004D5FFE7009800F021FB05E00098806BF0
:10054000C16C01988847FFE7FFE702B080BD00005B
:1005500080B582B001900198806B00900099402096
:1005600008640099486C40F004004864009800F06A
:1005700005FB02B080BD000080B582B001900198FB
:10058000806B0090009800F0F5FA02B080BD00008A
:1005900082B0019042F20030C4F201000090009954
:1005A000486820F4403048600198426800994868E3
:1005B0001043486001980168486820F480704860E2
:1005C000019801680269486840EA02204860019881
:1005D0000168486820F040704860019801688268AE
:1005E00048681043486001980168886820F40060FA
:1005F000886001980168C268886810438860019823
:10060000806A0121C0F60071884219D0FFE7019885
:100610000168886820F07060886001980168826ACB
:1006200088681043886001980168886820F040500D
:10063000886001980168C26A8868104388600CE08D
:1006400001980168886820F07060886001980168EE
:10065000886820F040508860FFE70198016888684A
:1006600020F0020088600198027E0168886840EAF4
:1006700042008860019890F82000C8B1FFE7019817
:100680000168486840F40060486001980168486863
:1006900020F46040486001980168426A4EF2000010
:1006A000CFF6FF7000EB423248681043486006E026
:1006B00001980168486820F400604860FFE70198ED
:1006C0000168C86A20F47000C86201980168C269B4
:1006D0000020CFF6F07000EB0252C86A1043C862E7
:1006E00001980168886820F400708860019890F88B
:1006F00030200168886840EA4220886001980168DB
:10070000886820F480608860019801684269886880
:1007100040EA8220886002B070470000FFE7FEE7F1
:1007200080B542F24C10C2F2000000F025FE80BD00
:1007300080B542F24C10C2F2000000F01DFE80BDF8
:1007400080B542F2F420C2F2000001F0D7FA80BD79
:1007500080B542F2D410C2F2000001F0CFFA80BDA1
:1007600080B542F25430C2F2000001F0C7FA80BDF9
:1007700080B542F23420C2F2000001F0BFFA80BD21
:1007800080B542F2B430C2F2000001F0B7FA80BD89
:1007900080B542F29420C2F2000001F0AFFA80BDB1
:1007A00080B542F27410C2F2000001F0A7FA80BDD9
:1007B00082B001900198007810384AF6AB21CAF651
:1007C000AA21A0FB01100009009000994AF68A3086
:1007D000C0F60000405C0199C8650098042807D362
:1007E000FFE701990868042262F30900886506E0C2
:1007F0000199086840F2FF3290438865FFE701984D
:10080000806D02B07047000086B0059000208DF822
:1008100013000598806A03900598806910BBFFE774
:100820000398029003281BD80299DFE801F0020D1B
:100830000218059890F82F00C00720B1FFE70120AB
:100840008DF81300FFE70CE00598C06AB0F1C07F97
:1008500004D1FFE701208DF81300FFE701E000E07D
:10086000FFE745E005988069B0F5005F25D1FFE717
:100870000398019003281ED80199DFE801F00206D1
:10088000021101208DF8130016E0059890F82F0052
:10089000C00720B1FFE701208DF81300FFE70BE050
:1008A0000598C06AB0F1C07F04D1FFE701208DF840
:1008B0001300FFE700E0FFE719E00398009003282A
:1008C00004D3FFE70098032804D00EE001208DF840
:1008D00013000BE0059890F82F00C00720B1FFE748
:1008E00001208DF81300FFE700E0FFE7FFE7FFE7D7
:1008F0009DF8130006B0704784B0039002910192F6
:10090000009303980168086820F48020086000982C
:1009100003990968486003988068402809D1FFE777
:100920000198039909688860029803990968C8606A
:1009300008E002980399096888600198039909689A
:10094000C860FFE704B070477047000072B6FFE769
:10095000FEE7000085B00390029100200190FFE7C0
:10096000039890F83C00012804D1FFE702208DF89D
:100970001300F7E00399012081F83C00FFE7FFE74F
:10098000029800680A281CD3FFE70298008800EB51
:100990004000A0F11E01072000FA01F2039801684F
:1009A000C8689043C86002998868098801EB4101D2
:1009B0001E3900FA01F203980168C8681043C86044
:1009C00018E00298008800EB4001072000FA01F2CD
:1009D000039801680869904308610299886809884A
:1009E00001EB410100FA01F2039801680869104324
:1009F0000861FFE70298406806281BD8FFE70298C5
:100A0000406800EB8000411F1F2000FA01F20398AC
:100A10000168486B9043486302990888496801EB74
:100A20008101053900FA01F203980168486B10430F
:100A300048633DE0029840680C281CD8FFE7029804
:100A4000406800EB8000A0F123011F2000FA01F2B2
:100A500003980168086B9043086302990888496805
:100A600001EB8101233900FA01F203980168086B58
:100A7000104308631BE00298406800EB8000A0F17F
:100A800041011F2000FA01F203980168C86A9043EF
:100A9000C86202990888496801EB8101413900FA6E
:100AA00001F203980168C86A1043C862FFE7FFE7D4
:100AB00042F20030C4F2010000900398006842F254
:100AC0000001C4F2010188420BD1FFE702980068DF
:100AD000122806D1FFE70099486840F4800048607A
:100AE000FFE70398006842F20001C4F20101884266
:100AF0002ED1FFE702980068102805D0FFE7029882
:100B00000068112824D1FFE70099486840F40000EC
:100B1000486002980068102819D1FFE740F20400ED
:100B2000C2F2000000684DF68361C4F21B31A0FBE5
:100B30000110800C00EB800040000190FFE701985D
:100B400020B1FFE7019801380190F8E7FFE7FFE7E0
:100B5000FFE70399002081F83C00FFE700208DF8B3
:100B60001300FFE79DF8130005B0704781B00090B7
:100B700001B0704781B0009001B0704781B0009023
:100B800001B0704780B584B0029000208DF8070056
:100B9000029820B9FFE701208DF80F0042E002988B
:100BA000806A0121C0F60071884201D0FFE7FFE7AB
:100BB0000298006C50B9FFE7029800F037F80299EC
:100BC00000204864029981F83C00FFE70298006C1D
:100BD000C006002817D4FFE70298006C40F002001E
:100BE00020F48850029908640298FFF7D1FC02991A
:100BF000002048640298006C40F0010020F00200E0
:100C00000299086403E001208DF80700FFE7FFE781
:100C10000299002081F83C00FFE79DF807008DF85D
:100C20000F00FFE79DF80F0004B080BD80B58AB0CB
:100C3000099000200890079006900590049009986C
:100C4000006842F20011C4F20101884260D1FFE75E
:100C5000FFE70020039043F64400C4F2020001685D
:100C600041F400710160006800F400700390039883
:100C7000FFE7FFE70020029043F63000C4F20200D5
:100C8000016841F002010160006800F0020002907A
:100C90000298FFE7012004900320059000200090B7
:100CA000069040F20040C4F2020004A901F0F2FAFA
:100CB000009942F27410C2F20000019046F25842CC
:100CC000C4F2020202604FF0007242608160C160B3
:100CD0004FF4806202614FF4006242614FF40052AF
:100CE00082614FF48072C2610162416201F096F943
:100CF00018B1FFE7FFF72AFEFFE7FFE7099842F286
:100D00007411C2F20001816309988863FFE7FFE76D
:100D10000AB080BD80B588B006900591049200208D
:100D200003908DF80700FFE7069890F83C00012833
:100D300004D1FFE702208DF81F0010E10699012081
:100D400081F83C00FFE7FFE706980068806800F044
:100D5000010001281ED0FFE706980168886840F06E
:100D60000100886040F20400C2F2000000684DF605
:100D70008361C4F21B31A0FB0110800C00EB40002A
:100D80000390FFE7039820B1FFE703980138039031
:100D9000F8E7FFE7069800688068C005002807D5D7
:100DA000FFE706980168886820F480708860FFE794
:100DB000069800688068C007002800F0C080FFE740
:100DC0000698006C40F4807040F2016188430699F7
:100DD00008640698006840684005002809D5FFE7C8
:100DE0000698006C40F4805020F400500699086486
:100DF000FFE70698006CC004002806D5FFE70699B7
:100E0000486C20F00600486403E00699002048641E
:100E1000FFE7FFE70699002081F83C00FFE742F278
:100E20000030C4F2010002900698816B40F29D40B0
:100E3000C0F60000C8630698816B40F27950C0F696
:100E4000000008640698816B40F25150C0F6000023
:100E5000C864069801686FF022000860069801686F
:100E6000486840F08060486006980168886840F4EF
:100E70008070886006980168806B4C31059A049BED
:100E800001F084F98DF8070002984068C006E8BBBD
:100E9000FFE70698006842F20001C4F201018842AF
:100EA00024D0FFE70698006842F20011C4F2010165
:100EB000884208D1FFE742F20430C4F20100006822
:100EC000C00698B1FFE70698006842F20021C4F21C
:100ED0000101884219D1FFE742F20430C4F2010057
:100EE000006800F01F000F280FD8FFE70698006881
:100EF000806810F0405F07D1FFE7069801688868B6
:100F000040F080408860FFE7FFE717E00698006840
:100F100042F20001C4F2010188420ED1FFE70698B7
:100F20000068806810F0405F07D1FFE7069801680D
:100F3000886840F080408860FFE7FFE70AE0069994
:100F4000086C40F0100008640699486C40F00100FD
:100F50004864FFE79DF807008DF81F00FFE79DF844
:100F60001F0008B080BD000084B00290019102987B
:100F700090F820008DF803009DF80300012805D0AB
:100F8000FFE79DF8030002280AD1FFE7019A0298C3
:100F9000016848691043486100208DF80F0008E09F
:100FA0000299486A40F48020486201208DF80F00C1
:100FB000FFE79DF80F0004B07047000086B0049072
:100FC0000391049890F820008DF803009DF8030029
:100FD000012806D0FFE79DF80300022840F0B0800A
:100FE000FFE746F20040C4F2000001900199D1F8F9
:100FF000000240F00100C1F800020199D1F800029E
:1010000020F47C50C1F800020398426A0199D1F89B
:10101000000240EA0220C1F800020398406900F093
:101020001F01012088400290029A0199D1F81C0208
:101030009043C1F81C020398C069F0B9FFE7029A17
:101040000199D1F80C029043C1F80C02039A9088E0
:10105000D168526940EA0140019901EBC201C1F82F
:101060004002039A10889168526940EA0140019950
:1010700001EBC201C1F84402FFE70398C0690128EF
:101080001ED1FFE7029A0199D1F80C021043C1F872
:101090000C02039A90881168526940EA0140019954
:1010A00001EBC201C1F84002039A9089916852692C
:1010B00040EA0140019901EBC201C1F84402FFE797
:1010C0000398806940B9FFE7029A0199D1F80402B8
:1010D0009043C1F8040207E0029A0199D1F8040292
:1010E0001043C1F80402FFE70398006940B9FFE725
:1010F000029A0199D1F814029043C1F8140207E052
:10110000029A0199D1F814021043C1F81402FFE7C2
:101110000398006A012808D1FFE7029A0199D1F8E3
:101120001C021043C1F81C02FFE70199D1F800022C
:1011300020F00100C1F8000200208DF8170008E03F
:101140000499486A40F48020486201208DF8170015
:10115000FFE79DF8170006B07047000081B00090CF
:1011600001B0704786B004900391029201930498F5
:1011700090F820008DF803009DF80300012806D0A8
:10118000FFE79DF80300022840F0E880FFE703989E
:1011900080B9FFE704980068C068800748B9FFE796
:1011A0000499486A40F40010486201208DF8170045
:1011B000DDE00FE0049800680069800748B9FFE7A8
:1011C0000499486A40F40010486201208DF8170025
:1011D000CDE0FFE704980068039900EB0110D0F818
:1011E000B00100F00400029988600298806858B944
:1011F000FFE704980068039900EB0110D0F8B001F4
:10120000400D029908600AE004980068039900EB19
:101210000110D0F8B001C00802994860FFE70498B7
:101220000068039900EB0110D0F8B00100F0020053
:101230000299C86004980068039900EB0110D0F887
:10124000B40100F00F00082804D3FFE7029908203A
:1012500008610BE004980068039900EB0110D0F8D6
:10126000B40100F00F0002990861FFE704980068DC
:10127000039900EB0110D0F8B40180B2000A029982
:10128000886104980068039900EB0110D0F8B4015C
:10129000000C0299486104980068039900EB011062
:1012A000D0F8B8010199087004980068039900EB20
:1012B0000110D0F8B801000A01994870049800683C
:1012C000039900EB0110D0F8B801000C0199887067
:1012D00004980068039900EB0110D0F8B801000EE3
:1012E0000199C87004980068039900EB0110D0F8C8
:1012F000BC010199087104980068039900EB011082
:10130000D0F8BC01000A019948710498006803995B
:1013100000EB0110D0F8BC01000C01998871049811
:101320000068039900EB0110D0F8BC01000E019990
:10133000C871039838B9FFE704980168C86840F09D
:101340002000C86006E004980168086940F02000A9
:101350000861FFE700208DF8170008E00499486A4B
:1013600040F48020486201208DF81700FFE79DF8C7
:10137000170006B07047000080B58AB009900020C1
:1013800008900998006840690790099800684068CB
:101390000690099800688068059009980068C06800
:1013A00004900998006800690390099800688069B2
:1013B00002909DF81C00C007002800F09480FFE711
:1013C0009DF81400C00758B3FFE709980168012091
:1013D00088609DF814008007002804D5FFE709986D
:1013E00000F0DCFB1BE09DF814004007002805D549
:1013F000FFE7089840F4006008900FE09DF81400A3
:101400000007002805D5FFE7089840F480500890B1
:1014100003E0099800F0BEFBFFE7FFE7FFE7FFE707
:101420009DF81500C00760B3FFE7099801684FF405
:10143000807088609DF815008007002804D5FFE7BC
:10144000099800F0B3FB1BE09DF815004007002849
:1014500005D5FFE7089840F4005008900FE09DF88C
:1014600015000007002805D5FFE7089840F48040E4
:10147000089003E0099800F095FBFFE7FFE7FFE71E
:10148000FFE79DF81600C00760B3FFE70998016801
:101490004FF4803088609DF816008007002804D53E
:1014A000FFE7099800F08AFB1BE09DF81600400753
:1014B000002805D5FFE7089840F4004008900FE0A9
:1014C0009DF816000007002805D5FFE7089840F4AE
:1014D0008030089003E0099800F06CFBFFE7FFE71D
:1014E000FFE7FFE7FFE79DF81C000007002810D585
:1014F000FFE79DF81000C006002809D5FFE708980F
:1015000040F400700890099801681020C860FFE757
:10151000FFE79DF81C00400700280FD5FFE79DF866
:1015200010000007002808D5FFE709980168082087
:10153000C860099800F064FAFFE7FFE79DF81C0017
:10154000800700280BD5FFE709980068C06880076E
:1015500020B1FFE7099800F057FAFFE7FFE79DF891
:101560001C004006002810D5FFE79DF80C00C006BF
:10157000002809D5FFE7089840F480600890099892
:10158000016810200861FFE7FFE79DF81C00800656
:1015900000280FD5FFE79DF80C000007002808D5AC
:1015A000FFE70998016808200861099800F068FAC7
:1015B000FFE7FFE79DF81C00C00600280BD5FFE7FA
:1015C000099800680069800720B1FFE7099800F0DA
:1015D0005BFAFFE7FFE79DF81E00800700280FD5A4
:1015E000FFE79DF81800C006002808D5FFE7099816
:1015F000016810204860099800F082FAFFE7FFE7D1
:101600009DF81E00C00778B1FFE79DF8180000079D
:10161000002808D5FFE70998016808204860099864
:1016200000F0D0FAFFE7FFE79DF81D000006002854
:1016300040F18D80FFE79DF818004007002840F139
:101640008180FFE79DF81D00C00750B1FFE79DF8BE
:101650000800C00728B1FFE7089840F00100089093
:10166000FFE79DF81D00800700280BD5FFE79DF8D8
:1016700008008007002805D5FFE7089840F0020021
:101680000890FFE79DF81D00400700280BD5FFE7F5
:101690009DF808004007002805D5FFE7089840F0AE
:1016A00004000890FFE79DF81D000007002848D5BA
:1016B000FFE79DF8080010F0700F42D0FFE7029896
:1016C00000F0700001460191102814D0FFE7019846
:1016D000202815D0FFE70198302816D0FFE70198A1
:1016E000402817D0FFE70198502818D0FFE701984D
:1016F000602819D01DE0089840F00800089019E013
:10170000089840F01000089014E0089840F020007D
:1017100008900FE0089840F0400008900AE0089810
:1017200040F08000089005E0089840F48070089030
:1017300000E0FFE709980168886920F0700088617F
:10174000FFE7FFE70998016804204860FFE7089871
:1017500048B1FFE7089A0999486A10434862099816
:10176000FFF7FCFCFFE70AB080BD000080B584B045
:101770000290029820B9FFE701208DF80F00E0E009
:10178000029890F8200020B9FFE7029800F0DEF8F8
:10179000FFE702980168086840F00100086000F067
:1017A0006DFF0190FFE7029800684068C007A8B984
:1017B000FFE700F063FF0199401A0B280DD3FFE704
:1017C0000299486A40F4003048620299052081F885
:1017D000200001208DF80F00B3E0E4E702980168D3
:1017E000086820F00200086000F048FF0190FFE761
:1017F0000298006840688007002815D5FFE700F0D0
:101800003DFF0199401A0B280DD3FFE70299486A62
:1018100040F4003048620299052081F82000012040
:101820008DF80F008DE0E3E70298007E012807D1D4
:10183000FFE702980168086840F08000086006E051
:1018400002980168086820F080000860FFE70298AD
:10185000407E012807D1FFE702980168086840F040
:101860004000086006E002980168086820F0400027
:101870000860FFE70298807E012807D1FFE7029801
:101880000168086840F02000086006E002980168DE
:10189000086820F020000860FFE70298C07E012859
:1018A00007D1FFE702980168086820F0100008607F
:1018B00006E002980168086840F010000860FFE741
:1018C0000298007F012807D1FFE7029801680868A5
:1018D00040F00800086006E002980168086820F0FF
:1018E00008000860FFE70298407F012807D1FFE762
:1018F00002980168086840F00400086006E0029859
:101900000168086820F004000860FFE7029B19687E
:101910005A689868D3F80CC040EA0C00D3F810C09D
:1019200040EA0C005B691843013A1043C861029910
:1019300000204862029A012182F820108DF80F00E1
:10194000FFE79DF80F0004B080BD000080B58CB0AB
:101950000B9000200A9009900890079006900B9831
:10196000006846F20041C4F20001884246D1FFE718
:10197000FFE70020059043F64000C4F20200016832
:1019800041F000710160006800F00070059005985A
:10199000FFE7FFE70020049043F63000C4F20200A6
:1019A000016841F008010160006800F0080004903F
:1019B0000498FFE70320069002210791002102917D
:1019C0000891099009200A9040F60040C4F20200F4
:1019D00006A900F05FFC029A14200190114601F064
:1019E00087F8019801F07AF8029A152003901146C1
:1019F00001F07EF8039801F071F8FFE70CB080BDAC
:101A000081B0009001B0704780B586B00590059810
:101A1000006846F20041C4F20001884212D1FFE79B
:101A2000059840F2AC01C2F2000103910A1D049234
:101A300001F120030021FFF795FB03990498896ABF
:101A400088471BE00598006846F60001C4F20001D3
:101A5000884212D1FFE7059840F2D801C2F2000196
:101A600001910A1D029201F120030021FFF77AFB88
:101A700001990298896A8847FFE7FFE706B080BDB1
:101A800081B0009001B0704780B586B00590059890
:101A9000006846F20041C4F20001884212D1FFE71B
:101AA000059840F2AC01C2F2000103910A1D0492B4
:101AB00001F120030121FFF755FB03990498896A7E
:101AC00088471BE00598006846F60001C4F2000153
:101AD000884212D1FFE7059840F2D801C2F2000116
:101AE00001910A1D029201F120030121FFF73AFB47
:101AF00001990298896A8847FFE7FFE706B080BD31
:101B000081B0009001B0704780B584B00290029817
:101B100090F8200001282FD1FFE70299022081F8D8
:101B2000200002980168086820F00100086000F0B9
:101B3000A5FD0190FFE7029800684068C007A8B1C2
:101B4000FFE700F09BFD0199401A0B280DD3FFE73A
:101B50000299486A40F4003048620299052081F8F1
:101B6000200001208DF80F000FE0E4E7029900202B
:101B700048628DF80F0008E00299486A40F400209E
:101B8000486201208DF80F00FFE79DF80F0004B0B8
:101B900080BD000081B0009001B0704781B000901E
:101BA00001B0704781B0009001B0704781B00090E3
:101BB00001B0704781B0009001B0704781B00090D3
:101BC00001B0704781B0009001B0704780B584B01B
:101BD00002900298806D019000F050FD00900298F4
:101BE00090F8350002280DD0FFE702998020486563
:101BF000FFE70299002081F83400FFE701208DF80B
:101C00000F0055E002980168086820F0160008608F
:101C100002980168486920F0800048610298006CD1
:101C200020B9FFE70298806C38B1FFE7029801689D
:101C3000086820F008000860FFE70298016808685B
:101C400020F001000860FFE7029800680068C00704
:101C5000C8B1FFE700F012FD0099401A062811D321
:101C6000FFE70299202048650299032081F835009A
:101C7000FFE70299002081F83400FFE703208DF888
:101C80000F0015E0E0E70298C16D3F208840019900
:101C900088600299012081F83500FFE70299002051
:101CA00081F83400FFE7FFE700208DF80F00FFE721
:101CB0009DF80F0004B080BD82B00090009890F8AD
:101CC0003500022807D0FFE70099802048650120F1
:101CD0008DF807000EE00099052081F83500009886
:101CE0000168086820F001000860FFE700208DF817
:101CF0000700FFE79DF8070002B0704780B586B087
:101D000005900020039040F20400C2F20000006839
:101D100048F2B511C1F64E31A0FB0110800A0290C5
:101D20000598806D019001980068049004980599C9
:101D3000C96DC840000700281AD5FFE7059800685C
:101D400000684007002812D5FFE705980168086879
:101D500020F0040008600598C16D082088400199B2
:101D600088600599486D40F001004865FFE7FFE78E
:101D700004980599C96DC840C007A0B1FFE7059850
:101D800000684069000600280CD5FFE70598C16D82
:101D900001208840019988600599486D40F0020053
:101DA0004865FFE7FFE704980599C96DC8404007FB
:101DB000002814D5FFE70598006800688007002810
:101DC0000CD5FFE70598C16D042088400199886013
:101DD0000599486D40F004004865FFE7FFE7049867
:101DE0000599C96DC840C006002847D5FFE705988A
:101DF00000680068000700283FD5FFE70598C16D1F
:101E000010208840019988600598006800684003A8
:101E100000281AD5FFE7059800680068000300282D
:101E200009D4FFE70598006C20B1FFE70598016C25
:101E30008847FFE708E00598806C20B1FFE7059828
:101E4000816C8847FFE7FFE716E0059800680068A7
:101E5000C005002807D4FFE705980168086820F04E
:101E600008000860FFE70598006C20B1FFE70598BF
:101E7000016C8847FFE7FFE7FFE7FFE70498059954
:101E8000C96DC8408006002840F18D80FFE70598A5
:101E900000680068C006002840F18480FFE70598CC
:101EA000C16D2020884001998860059890F8350020
:101EB000052834D1FFE705980168086820F016006E
:101EC000086005980168486920F08000486105981D
:101ED000006C20B9FFE70598806C38B1FFE70598E2
:101EE0000168086820F008000860FFE70598C16DE8
:101EF0003F208840019988600599012081F83500CC
:101F0000FFE70599002081F83400FFE70598006D90
:101F100020B1FFE70598016D8847FFE77BE0059852
:101F200000680068400300281AD5FFE7059800689C
:101F300000680003002809D4FFE70598406C20B131
:101F4000FFE70598416C8847FFE708E00598C06BFC
:101F500020B1FFE70598C16B8847FFE7FFE720E066
:101F6000059800680068C005002811D4FFE70598AF
:101F70000168086820F0100008600599012081F8C8
:101F80003500FFE70599002081F83400FFE7FFE7FF
:101F90000598C06B20B1FFE70598C16B8847FFE744
:101FA000FFE7FFE7FFE70598406DA0B3FFE705985F
:101FB000406DC00730B3FFE70599052081F8350073
:101FC00005980168086820F001000860FFE70398A1
:101FD000013003900299884201D9FFE707E0FFE74B
:101FE000059800680068C0070028F0D1FFE7059950
:101FF000012081F83500FFE70599002081F83400C1
:10200000FFE7FFE70598C06C20B1FFE70598C16CBA
:102010008847FFE7FFE706B080BD000080B586B0C7
:1020200004900020039000F029FB0290049820B94E
:10203000FFE701208DF81700A3E00498406A08B17B
:10204000FFE7FFE70499022081F83500FFE70499D4
:10205000002081F83400FFE704980168086820F048
:1020600001000860FFE7049800680068C00790B1AD
:10207000FFE700F003FB0299401A06280AD3FFE7A6
:102080000499202048650499032081F835008DF8D3
:10209000170076E0E7E7049800680068039003986B
:1020A00048F23F01CFF210010840039004990091DB
:1020B0004868D1F808C0CB680A6940EA0C001843A8
:1020C00010434A6910438A691043CA691043096A78
:1020D00001430398084303900498406A042808D1F8
:1020E000FFE70499C86A096B01430398084303900A
:1020F000FFE703980499096808600498006840693C
:102100000390039820F0070003900498416A039815
:10211000084303900498406A04281AD1FFE7049802
:10212000816A0398084303900498C06A80B1FFE76E
:102130000498FEF769FB50B1FFE704994020486519
:102140000499012081F835008DF8170019E0FFE7A8
:10215000FFE703980499096848610498FEF728FB93
:1021600001900498C16D3F208840019988600499CE
:1021700000204865049A012182F835108DF8170077
:10218000FFE79DF8170006B080BD000080B588B05D
:10219000069005910492039300208DF80B00069899
:1021A000806D0190FFE7069890F83400012804D173
:1021B000FFE702208DF81F0045E00699012081F815
:1021C0003400FFE7FFE7069890F8350001282BD18F
:1021D000FFE70699022081F835000699002048653E
:1021E00006980599049A039BFEF786FB0698C16D35
:1021F0003F2088400199886006980168086840F08F
:10220000160008600698006C38B1FFE70698016870
:10221000086840F008000860FFE706980168086851
:1022200040F00100086009E0FFE70699002081F80E
:102230003400FFE702208DF80B00FFE79DF80B004C
:102240008DF81F00FFE79DF81F0008B080BD00005B
:1022500080B584B0039000F011FA029003980190C9
:102260000198013048B1FFE740F21800C2F20000C7
:102270000178019808440190FFE7FFE700F0FEF9BC
:102280000299401A0199884201D2FFE7F6E704B0AB
:1022900080BD00008EB00D900C9100200A90099036
:1022A00008900B90FFE70B980F2800F2CC81FFE716
:1022B0000B99012088400A900C9800680A99084000
:1022C000099009980A99884240F0B881FFE70C9874
:1022D000406800F00300012807D0FFE70C98406831
:1022E00000F0030002282FD1FFE70D9880680890C6
:1022F0000B984100032000FA01F1089888430890E8
:102300000C98C0680B99490000FA01F1089808433D
:10231000089008980D9988600D98406808900B996E
:10232000012000FA01F10898884308900C98406851
:10233000C0F300100B9900FA01F1089808430890C7
:1023400008980D994860FFE70C98406800F003007A
:10235000032818D0FFE70D98C06808900B9841003B
:10236000032000FA01F10898884308900C988068CF
:102370000B99490000FA01F1089808430890089861
:102380000D99C860FFE70C98406800F00300022830
:1023900026D1FFE70D980B996FF0030202EA510175
:1023A0000844006A08900B9800F0070081000F2095
:1023B00000FA01F10898884308900C9800690B997D
:1023C00001F00701890000FA01F10898084308901C
:1023D00008980D990B9B02EA530211440862FFE72B
:1023E0000D98006808900B984100032000FA01F155
:1023F0000898884308900C98406800F003000B99F7
:10240000490000FA01F108980843089008980D99CE
:1024100008600C9880798007002800F00E81FFE7A3
:10242000FFE70020079043F64400C4F20200016871
:1024300041F480410160006800F4804007900798F3
:10244000FFE70B9820F0030043F60801C4F20101F6
:10245000405808900B9800F0030081000F2000FA0C
:1024600001F10898884308900D980021C4F20201F8
:10247000884203D1FFE7002006905EE00D9840F20D
:102480000041C4F20201884203D1FFE70120059018
:1024900050E00D9840F60001C4F20201884203D1D9
:1024A000FFE70220049042E00D9840F60041C4F29C
:1024B0000201884203D1FFE70320039034E00D9826
:1024C00041F20001C4F20201884203D1FFE7042077
:1024D000029026E00D9841F20041C4F202018842C8
:1024E00003D1FFE70520019018E00D9841F60001A7
:1024F000C4F20201884203D1FFE7062000900AE0FF
:102500000D9941F60042C4F202020820914208BF30
:1025100007200090FFE700980190FFE701980290E4
:10252000FFE702980390FFE703980490FFE7049801
:102530000590FFE705980690FFE70698C0B20B9953
:1025400001F00301890000FA01F10898084308909E
:1025500008980B9921F0030143F60802C4F2010226
:10256000885043F60840C4F20100006808900999B9
:102570000898884308900C988079C006002805D5F3
:10258000FFE70999089808430890FFE7089843F681
:102590000841C4F20101086043F60C40C4F2010096
:1025A0000068089009990898884308900C988079E9
:1025B0008006002805D5FFE7099908980843089088
:1025C000FFE7089843F60C41C4F20101086043F6A6
:1025D0000440C4F2010000680890099908988843F3
:1025E00008900C9880798007002805D5FFE70999A5
:1025F000089808430890FFE7089843F60441C4F29E
:102600000101086043F60040C4F201000068089030
:1026100009990898884308900C988079C00728B1D8
:10262000FFE70999089808430890FFE7089843F6E0
:102630000041C4F201010860FFE7FFE7FFE70B98E4
:1026400001300B902FE60EB07047000082B0019071
:10265000ADF802108DF801209DF8010028B1FFE7C8
:10266000BDF802000199886105E0BDF80200000490
:1026700001998861FFE702B07047000042F6A800A8
:10268000C2F200000068704780B58EB00C900C98C4
:1026900020B9FFE701208DF8370043E10C9890F84E
:1026A0003D0040B9FFE70C99002081F83C000C98F0
:1026B00000F03CF9FFE70C99242081F83D000C98CC
:1026C0000168086820F0010008600C98016808683B
:1026D00040F4004008600C980168086820F400404D
:1026E000086000F05FFB0A900C98406848F2A06117
:1026F000C0F2010188420BD8FFE70A9948F28042F4
:10270000C0F21E020020914238BF012009900AE069
:102710000A9940F60012C0F23D020020914238BFF3
:1027200001200990FFE70998012804D1FFE7012063
:102730008DF83700F6E00A984DF68361C4F21B313C
:10274000A0FB0110800C0B900C980068406820F0F2
:102750003F000B9908430C99096848600C98006881
:10276000006A20F03F0008900C98406848F2A06191
:10277000C0F20101884204D8FFE70B9801300790AE
:102780000EE00B984FF49671484344F6D351C1F2D2
:102790006201A0FB0101012000EB91100790FFE70F
:1027A0000898079908430C99096808620C98006812
:1027B000C0694CF6FF71884306900C98406848F257
:1027C000A061C0F2010188421FD8FFE70A980138D2
:1027D0000C9949684900B0FBF1F001306FF31F30EC
:1027E000032803D8FFE7042005900BE00A9801387E
:1027F0000C9949684900B0FBF1F001306FF31F30CC
:102800000590FFE7059804904CE00C98806868B943
:10281000FFE70A9801380C99496801EB4101B0FBC8
:10282000F1F001306FF31F3003900DE00A9801388A
:102830000C99496819225143B0FBF1F00130042191
:1028400061F31F300390FFE70398000518B9FFE715
:102850000120029023E00C98806868B9FFE70A988D
:1028600001380C99496801EB4101B0FBF1F00130EE
:102870006FF31F3001900DE00A9801380C994968F8
:1028800019225143B0FBF1F00130042161F31F30F4
:102890000190FFE7019840F400400290FFE70298A2
:1028A0000490FFE70698049908430C990968C861E9
:1028B0000C980068006820F0C0000C9B1968DA6969
:1028C0001B6A1A43104308600C980068806848F23D
:1028D000FF3188430C9A1168D36812691A43104378
:1028E00088600C980068C06820F0FF000C9B196895
:1028F0005A699B691A431043C8600C9801680868BC
:1029000040F0010008600C99002008640C9A202116
:1029100082F83D100C9908630C9981F83E008DF8FF
:102920003700FFE79DF837000EB080BD80B588B056
:10293000079000200690059004900390029007985D
:10294000006845F60001C4F20001884235D1FFE776
:10295000FFE70020019043F63000C4F20200016856
:1029600041F002010160006800F00200019001984E
:10297000FFE74FF440600290122003900020049083
:10298000032005900420069040F20040C4F20200AB
:1029900002A9FFF77FFCFFE70020009043F640000C
:1029A000C4F20200016841F480010160006800F493
:1029B000800000900098FFE7FFE708B080BD0000AE
:1029C00040F21800C2F20000027842F6A801C2F2FA
:1029D00000010868104408607047000080B582B0AC
:1029E00043F60041C4F20201086840F40070086038
:1029F000086840F480600860086840F480700860EF
:102A0000032000F08FF80020019000F005F800F09E
:102A10003BF8019802B080BD80B582B0009040F2D2
:102A20000400C2F20000006840F21801C2F2000186
:102A30000A784FF47A71B1FBF2F1B0FBF1F000F0DB
:102A4000A9FD20B1FFE701208DF8070018E00098EC
:102A50000F280DD8FFE700994FF0FF30002200F05B
:102A600047F8009840F21C01C2F20001086003E040
:102A700001208DF8070003E000208DF80700FFE734
:102A80009DF8070002B080BD80B582B0FFE700204E
:102A9000019043F64400C4F20200016841F4804111
:102AA0000160006800F4804001900198FFE7FFE7B3
:102AB0000020009043F64000C4F20200016841F09B
:102AC00080510160006800F0805000900098FFE79E
:102AD000052000F027F802B080BD000080B582B06C
:102AE0008DF807009DF9070007F0DEF902B080BD00
:102AF00080B586B08DF817000491039200200290F3
:102B000007F0EAF902909DF91700019002980499E4
:102B1000039A03F055FC0146019807F0E5F906B069
:102B200080BD000080B582B00190019807F0FEF9E9
:102B300002B080BD80B584B002900191029820B9A6
:102B4000FFE701208DF80F0021E1019843F60041D5
:102B5000C4F20201096801F00701884212D9FFE7B7
:102B6000019943F60040C4F202000170006800F0D1
:102B700007000199884204D0FFE701208DF80F007B
:102B800005E1FFE702980078800700282AD5FFE7D3
:102B9000029800784007002809D5FFE743F60801AE
:102BA000C4F20201086840F4E0500860FFE70298B0
:102BB00000780007002809D5FFE743F60801C4F2B2
:102BC0000201086840F460400860FFE743F608012E
:102BD000C4F20201086820F0F000029A92681043E3
:102BE0000860FFE702980078C00700286ED0FFE772
:102BF00002984068012811D1FFE743F60000C4F2B3
:102C00000200006800F400310020B0EB514F04D105
:102C1000FFE701208DF80F00B9E02CE00298406832
:102C2000022805D0FFE702984068032811D1FFE78A
:102C300043F60000C4F20200006800F000710020BA
:102C4000B0EB516F04D1FFE701208DF80F009EE03B
:102C500010E043F60000C4F20200006800F0020138
:102C60000020B0EB510F04D1FFE701208DF80F00D9
:102C70008DE0FFE7FFE743F60801C4F202010868B0
:102C800020F00300029A526810430860FFF7F6FC38
:102C90000090FFE743F60800C4F20200006800F06D
:102CA0000C0002994968B0EB810F0ED0FFE7FFF7E7
:102CB000E5FC0099401A41F28931884204D3FFE7CC
:102CC00003208DF80F0062E0E4E7FFE7019843F688
:102CD0000041C4F20201096801F00701884212D2E2
:102CE000FFE7019943F60040C4F20200017000685A
:102CF00000F007000199884204D0FFE701208DF819
:102D00000F0044E0FFE702980078400700280CD548
:102D1000FFE743F60801C4F20201086820F4E0501E
:102D2000029AD26810430860FFE702980078000713
:102D300000280DD5FFE743F60801C4F20201086838
:102D400020F46040029A126940EAC2000860FFE77E
:102D500000F04CF843F60801C4F202010968C9B258
:102D60000A094AF67231C0F60001895CC84040F297
:102D70000401C2F20001086040F21C00C2F200002F
:102D80000068FFF749FE00208DF80F00FFE79DF86F
:102D90000F0004B080BD000040F20400C2F2000049
:102DA0000068704780B5FFF7F7FF43F60801C4F2EB
:102DB00002010968C1F382224AF68231C0F600019D
:102DC000895CC84080BD000080B5FFF7E5FF43F691
:102DD0000801C4F20201096889B24A0B4AF682313D
:102DE000C0F60001895CC84080BD000080B586B097
:102DF0000020059004900390029043F60800C4F26E
:102E00000200006800F00C000146019140B1FFE7AC
:102E1000019804280AD0FFE7019808280CD04FE059
:102E200042F20040C0F2F40002904FE041F2002074
:102E3000C0F27A00029049E043F60400C4F20200B6
:102E4000016801F03F01059100684002002813D598
:102E5000FFE743F60400C4F202000068C0F38810E4
:102E600041F20021C0F27A01A0FB0101059A002382
:102E7000FDF712FA049012E043F60400C4F20200D7
:102E80000068C0F3881042F20041C0F2F401A0FBD8
:102E90000101059A0023FDF7FFF90490FFE743F6CF
:102EA0000400C4F20200006800F44031022000EB8C
:102EB000D130039004980399B0FBF1F0029005E043
:102EC00042F20040C0F2F4000290FFE7029806B020
:102ED00080BD000080B586B00490049820B9FFE75B
:102EE00001208DF8170050E304980078C0070028EF
:102EF00000F0A580FFE743F60800C4F20200006876
:102F000000F00C00042813D0FFE743F60800C4F2D9
:102F10000200006800F00C0008281ED1FFE743F60D
:102F20000400C4F2020000684002002815D5FFE743
:102F300043F60000C4F20200006800F400310020F3
:102F4000B0EB514F08D0FFE70498406820B9FFE785
:102F500001208DF8170018E370E0FFE7049840683F
:102F6000B0F5803F09D1FFE743F60001C4F202014A
:102F7000086840F48030086020E004984068B0F5AC
:102F8000A02F0DD1FFE743F60001C4F2020108684B
:102F900040F480200860086840F4803008600CE04D
:102FA00043F60001C4F20201086820F48030086092
:102FB000086820F480200860FFE7FFE7FFE7049837
:102FC0004068E8B1FFE7FFF759FB0390FFE743F6DE
:102FD0000000C4F20200006800F400310020B0EBF1
:102FE000514F0CD1FFE7FFF749FB0399401A6528C1
:102FF00004D3FFE703208DF81700C6E2E7E71CE0E3
:10300000FFF73CFB0390FFE743F60000C4F2020029
:10301000006800F400310020B0EB514F0CD0FFE706
:10302000FFF72CFB0399401A652804D3FFE7032020
:103030008DF81700A9E2E7E7FFE7FFE7FFE704984D
:1030400000788007002840F19680FFE743F60800EB
:10305000C4F20200006810F00C0F13D0FFE743F633
:103060000800C4F20200006800F00C0008282CD10F
:10307000FFE743F60400C4F20200006840020028A3
:1030800023D4FFE743F60000C4F20200006800F01A
:1030900002010020B0EB510F09D0FFE70498C0688F
:1030A000012804D0FFE701208DF817006DE243F6F8
:1030B0000001C4F20201086820F0F800049A1269C5
:1030C00040EAC2000860FFE754E00498C06870B3AB
:1030D000FFE70021C4F2472101200860FFF7CEFA84
:1030E0000390FFE743F60000C4F20200006800F01E
:1030F00002010020B0EB510F0CD1FFE7FFF7BEFA41
:103100000399401A032804D3FFE703208DF8170022
:103110003BE2E7E743F60001C4F20201086820F051
:10312000F800049A126940EAC200086021E0002118
:10313000C4F2472100200860FFF7A0FA0390FFE7E0
:1031400043F60000C4F20200006800F00201002013
:10315000B0EB510F0CD0FFE7FFF790FA0399401A3C
:10316000032804D3FFE703208DF817000DE2E7E7FB
:10317000FFE7FFE7FFE704980078000700284BD53A
:10318000FFE70498406918B3FFE740F68061C4F296
:10319000472101200860FFF771FA0390FFE743F62B
:1031A0007400C4F20200006800F002010020B0EBDD
:1031B000510F0CD1FFE7FFF761FA0399401A03287A
:1031C00004D3FFE703208DF81700DEE1E7E722E0F4
:1031D00040F68061C4F2472100200860FFF74EFAF4
:1031E0000390FFE743F67400C4F20200006800F0A9
:1031F00002010020B0EB510F0CD0FFE7FFF73EFAC1
:103200000399401A032804D3FFE703208DF8170021
:10321000BBE1E7E7FFE7FFE70498007840070028F5
:1032200040F1CE80FFE700208DF8070043F6400014
:10323000C4F202000068C000002815D4FFE7FFE7D1
:103240000020009043F64000C4F20200016841F003
:1032500080510160006800F0805000900098FFE706
:1032600001208DF80700FFE747F20000C4F20000DC
:103270000068C005002822D4FFE747F20001C4F22D
:103280000001086840F480700860FFF7F7F90390C8
:10329000FFE747F20000C4F200000068C005002804
:1032A0000CD4FFE7FFF7EAF90399401A032804D387
:1032B000FFE703208DF8170067E1EAE7FFE7FFE784
:1032C00004988068012809D1FFE743F67001C4F231
:1032D0000201086840F0010008601FE0049880685F
:1032E00005280DD1FFE743F67001C4F2020108681A
:1032F00040F004000860086840F0010008600CE03D
:1033000043F67001C4F20201086820F00100086071
:10331000086820F004000860FFE7FFE7FFE7049873
:103320008068F8B1FFE7FFF7A9F90390FFE743F6DC
:103330007000C4F20200006800F002010020B0EB4F
:10334000510F0ED1FFE7FFF799F90399401A41F2A7
:103350008931884204D3FFE703208DF8170014E178
:10336000E5E71EE0FFF78AF90390FFE743F67000F8
:10337000C4F20200006800F002010020B0EB510F1F
:103380000ED0FFE7FFF77AF90399401A41F289312D
:10339000884204D3FFE703208DF81700F5E0E5E746
:1033A000FFE79DF80700012809D1FFE743F6400138
:1033B000C4F20201086820F080500860FFE7FFE7D0
:1033C00004988069002800F0DC80FFE743F60800DD
:1033D000C4F20200006800F00C00082800F08580AC
:1033E000FFE70498806902285CD1FFE76021C4F2FE
:1033F000472100200860FFF741F90390FFE743F6FB
:103400000000C4F20200006800F000710020B0EB80
:10341000516F0CD0FFE7FFF731F90399401A0328E9
:1034200004D3FFE703208DF81700AEE0E7E7049927
:10343000C869D1F820C04B6A8A6A40EA0C0040EAA9
:103440008310D2034FF6FF739A43A2F580321043E4
:10345000C96A40EA016043F60401C4F2020108604F
:103460006021C4F2472101200860FFF707F90390AB
:10347000FFE743F60000C4F20200006800F00071AC
:103480000020B0EB516F0CD1FFE7FFF7F7F803997D
:10349000401A032804D3FFE703208DF8170074E0D7
:1034A000E7E721E06021C4F2472100200860FFF730
:1034B000E5F80390FFE743F60000C4F2020000685D
:1034C00000F000710020B0EB516F0CD0FFE7FFF768
:1034D000D5F80399401A032804D3FFE703208DF899
:1034E000170052E0E7E7FFE74AE004988069012807
:1034F00004D1FFE701208DF8170046E043F60400F1
:10350000C4F202000068029004988069012831D05A
:10351000FFE7029800F480000499C969884229D124
:10352000FFE7029800F03F000499096A884221D120
:10353000FFE7029847F6C07108400499496AB0EB6A
:10354000811F17D1FFE7029800F440300499896A7F
:10355000C9034FF6FF729143A1F58031884209D12A
:10356000FFE7029800F070600499C96AB0EB016F40
:1035700004D0FFE701208DF8170006E0FFE7FFE722
:10358000FFE700208DF81700FFE79DF8170006B051
:1035900080BD000080B582B00190019802F04AFF22
:1035A00002B080BD81B0009001B0704781B0009042
:1035B00001B0704784B00290019100200090FFE7B5
:1035C000029890F83C00012804D1FFE702208DF812
:1035D0000F0044E00299012081F83C00FFE7FFE77B
:1035E000009820F0FF000199C968084300900098F6
:1035F00020F440700199896808430090009820F4F5
:1036000080600199496808430090009820F40060A8
:103610000199096808430090009820F480500199AE
:10362000096908430090009820F400500199496905
:1036300008430090009820F480400199C96908432C
:1036400000900098029909684864FFE702990020F9
:1036500081F83C00FFE700208DF80F00FFE79DF8A0
:103660000F0004B07047000085B003900291FFE79F
:10367000039890F83C00012804D1FFE702208DF860
:1036800013007EE00399012081F83C00FFE7FFE78B
:103690000399022081F83D0003980068406801907A
:1036A0000398006880680090019820F070000190F5
:1036B00002980168019808430190019803990968EC
:1036C0004860039800680021C4F2010188423CD0A0
:1036D000FFE703980068B0F1804F36D0FFE703980A
:1036E000006840F20041C4F2000188422DD0FFE79B
:1036F0000398006840F60001C4F20001884224D01B
:10370000FFE70398006840F60041C4F200018842D8
:103710001BD0FFE70398006840F20041C4F20101AA
:10372000884212D0FFE70398006844F20001C4F217
:103730000101884209D0FFE70398006841F60001C3
:10374000C4F2000188420ED1FFE7009820F080000B
:1037500000900298416800980843009000980399EF
:1037600009688860FFE70399012081F83D00FFE7C1
:103770000399002081F83C00FFE700208DF813003A
:10378000FFE79DF8130005B07047000080B582B0D8
:103790000090009820B9FFE701208DF807003FE076
:1037A000009890F83D0040B9FFE70099002081F8AB
:1037B0003C00009800F038F8FFE70099022081F8FB
:1037C0003D00009951F8040B02F0D2FE009901204F
:1037D00081F84600FFE70099012081F83E0000993A
:1037E00081F83F00009981F84000009981F841007C
:1037F000FFE7FFE70099012081F84200009981F876
:103800004300009981F84400009981F84500FFE7E2
:103810000099012081F83D0000208DF80700FFE7A6
:103820009DF8070002B080BD80B588B0079007986A
:1038300000680021C4F20101884212D1FFE7FFE7CE
:103840000020069043F64400C4F20200016841F0F3
:1038500001010160006800F0010006900698FFE792
:1038600094E00798006841F20001C4F20001884228
:103870001BD1FFE7FFE70020059043F64000C4F2AC
:103880000200016841F010010160006800F01000C2
:1038900005900598FFE73620009000221146FFF7BB
:1038A00027F90098FFF71AF96FE00798006840F2CF
:1038B0000041C4F20101884212D1FFE7FFE7002076
:1038C000049043F64400C4F20200016841F0020192
:1038D0000160006800F0020004900498FFE753E0E4
:1038E0000798006844F20001C4F20101884212D135
:1038F000FFE7FFE70020039043F64400C4F2020014
:10390000016841F480310160006800F48030039068
:103910000398FFE737E00798006844F20041C4F2DB
:103920000101884212D1FFE7FFE70020029043F631
:103930004400C4F20200016841F4003101600068F3
:1039400000F4003002900298FFE71BE0079800683F
:1039500044F60001C4F20101884212D1FFE7FFE7FB
:103960000020019043F64400C4F20200016841F4D3
:1039700080210160006800F4802001900198FFE739
:10398000FFE7FFE7FFE7FFE7FFE7FFE708B080BDDE
:1039900083B00190019890F83D00012804D0FFE722
:1039A00001208DF80B006AE00199022081F83D00AA
:1039B00001980168C86840F00100C860019800687B
:1039C0000021C4F2010188423CD0FFE70198006861
:1039D000B0F1804F36D0FFE70198006840F2004117
:1039E000C4F2000188422DD0FFE70198006840F63C
:1039F0000001C4F20001884224D0FFE7019800686A
:103A000040F60041C4F2000188421BD0FFE7019854
:103A1000006840F20041C4F20101884212D0FFE781
:103A20000198006844F20001C4F20101884209D003
:103A3000FFE70198006841F60001C4F200018842E6
:103A400012D1FFE701980068806800F0070000903D
:103A50000098062807D0FFE701980168086840F041
:103A600001000860FFE706E001980168086840F07F
:103A700001000860FFE700208DF80B00FFE79DF8CC
:103A80000B0003B07047000080B586B0049003912E
:103A900000208DF80B00FFE7049890F83C00012807
:103AA00004D1FFE702208DF81700ABE00499012054
:103AB00081F83C00FFE7FFE70499022081F83D0010
:103AC0000498006880680190019820F077000190C8
:103AD000019820F47F40019001980499096888605A
:103AE000039800680090002872D0FFE70098102823
:103AF0006ED0FFE7009820286AD0FFE700983028B2
:103B000066D0FFE70098402855D0FFE7009850287E
:103B100037D0FFE70098602840D0FFE70098702872
:103B20000BD0FFE70098B0F5805F05D0FFE7009865
:103B3000B0F5005F16D052E055E004980068039B92
:103B40005A689968DB6802F001FE04980068806892
:103B50000190019840F0770001900198049909685C
:103B6000886040E004980068039B5A689968DB68A5
:103B700002F0ECFD04980168886840F48040886099
:103B800031E004980068039A5168D26803F0D4F8D1
:103B900004980068502102F0F3FD24E004980068C6
:103BA000039A5168D26803F0EFF804980068602126
:103BB00002F0E6FD17E004980068039A5168D268A5
:103BC00003F0BAF804980068402102F0D9FD0AE039
:103BD000049800680399096802F0D2FD03E001200F
:103BE0008DF80B00FFE70499012081F83D00FFE705
:103BF0000499002081F83C00FFE79DF80B008DF848
:103C00001700FFE79DF8170006B080BD80B586B0AD
:103C100004900391049820B9FFE701208DF8170064
:103C200088E0049890F83D0040B9FFE7049900202F
:103C300081F83C00049800F081F8FFE70499022025
:103C400081F83D0004980168886844F207029043B7
:103C50008860049951F8040B02F08AFC049800680B
:103C60008068029004980068806901900498006858
:103C7000006A009003980168029808430290019836
:103C800040F203318843019003998868896940EACA
:103C90000121019808430190019840F60C418843A6
:103CA000019001984FF2F001884301900399C86890
:103CB000C96940EA01210198084301900399086904
:103CC000096A000140EA0131019808430190009817
:103CD00020F022000090009820F0880000900399C6
:103CE0004868496940EA0111009808430090029829
:103CF00004990968886001980499096888610098A6
:103D00000499096808620499012081F84600049921
:103D100081F83E00049981F83F00049981F842003F
:103D2000049981F84300049981F83D0000208DF842
:103D30001700FFE79DF8170006B080BD80B594B06E
:103D4000139000201290119010900F900E901398E5
:103D50000068B0F1804F5AD1FFE7FFE700200D90D7
:103D600043F64000C4F20200016841F00101016025
:103D7000006800F001000D900D98FFE7FFE70020BC
:103D80000C9043F63000C4F20200016841F00101DA
:103D90000160006800F001000C900C98FFE7FFE75D
:103DA00000200B9043F63000C4F20200016841F09D
:103DB00002010160006800F002000B900B98FFE721
:103DC0004FF400400E90022001900F9000200290CE
:103DD000109011900120039012900020C4F2020074
:103DE0000EA90491FEF756FA019B029A03980499D2
:103DF0004FF0080CCDF838C00F931092119212902A
:103E000040F20040C4F20200FEF744FAB2E0139818
:103E1000006840F20041C4F20001884232D1FFE75D
:103E2000FFE700200A9043F64000C4F20200016858
:103E300041F002010160006800F002000A900A9857
:103E4000FFE7FFE70020099043F63000C4F20200CC
:103E5000016841F002010160006800F00200099071
:103E60000998FFE730200E9002200F90002110915A
:103E70001191129040F20040C4F202000EA9FEF728
:103E800009FA76E01398006840F60001C4F20001D8
:103E9000884232D1FFE7FFE70020089043F6400058
:103EA000C4F20200016841F004010160006800F002
:103EB000040008900898FFE7FFE70020079043F60A
:103EC0003000C4F20200016841F0020101600068A4
:103ED00000F0020007900798FFE7C0200E90022034
:103EE0000F90002110911191129040F20040C4F205
:103EF00002000EA9FEF7CEF93AE01398006840F6EA
:103F00000041C4F20001884231D1FFE7FFE7002001
:103F1000069043F64000C4F20200016841F0080137
:103F20000160006800F0080006900698FFE7FFE7D0
:103F30000020059043F63000C4F20200016841F011
:103F400001010160006800F0010005900598FFE79D
:103F500003200E9002200F900021109111911290D9
:103F60000020C4F202000EA9FEF794F9FFE7FFE774
:103F7000FFE7FFE714B080BD80B586B004900391E1
:103F8000049890F83E008DF80B00049890F83F00DC
:103F90008DF80A00049890F842008DF80900049802
:103FA00090F843008DF808000398B8B9FFE79DF832
:103FB0000B00012805D1FFE79DF80900012804D076
:103FC000FFE701208DF8170079E00499022081F8BD
:103FD0003E00049981F84200FFE742E0039804287C
:103FE00017D1FFE79DF80A00012805D1FFE79DF8EA
:103FF0000800012804D0FFE701208DF817005EE0DB
:104000000499022081F83F00049981F84300FFE7FA
:1040100026E09DF80B0001280FD1FFE79DF80A006C
:1040200001280AD1FFE79DF80900012805D1FFE723
:104030009DF80800012804D0FFE701208DF8170043
:104040003DE00499022081F83E00049981F83F0088
:10405000049981F84200049981F84300FFE7FFE7E3
:10406000FFE70398019020B1FFE70198042807D0EB
:104070000DE0049800680021012202F04BFB14E0DF
:10408000049800680421012202F044FB0DE004982A
:10409000006800210122009202F03CFB009A049883
:1040A0000068042102F036FBFFE704980168086805
:1040B00040F00100086000208DF81700FFE79DF830
:1040C000170006B080BD000081B0009001B07047BD
:1040D00080B584B0039003980068C068029003988C
:1040E0000068006901909DF804008007002824D52D
:1040F000FFE79DF80800800700281DD5FFE703981B
:1041000001686FF0020008610399012008770398A5
:1041100000688069800720B1FFE70398FFF7D4FFAC
:1041200006E0039800F0CAF9039800F0BFFAFFE731
:10413000039900200877FFE7FFE79DF80400400798
:10414000002825D5FFE79DF80800400700281ED568
:10415000FFE7039801686FF00400086103990220EB
:10416000087703980068806910F4407F04D0FFE767
:104170000398FFF7A9FF06E0039800F09FF9039862
:1041800000F094FAFFE7039900200877FFE7FFE7C4
:104190009DF804000007002824D5FFE79DF80800DB
:1041A000000700281DD5FFE7039801686FF008009D
:1041B000086103990420087703980068C0698007A4
:1041C00020B1FFE70398FFF77FFF06E0039800F0B8
:1041D00075F9039800F06AFAFFE703990020087761
:1041E000FFE7FFE79DF80400C006002825D5FFE79C
:1041F0009DF80800C00600281ED5FFE70398016857
:104200006FF0100008610399082008770398006890
:10421000C06910F4407F04D0FFE70398FFF754FF14
:1042200006E0039800F04AF9039800F03FFAFFE730
:10423000039900200877FFE7FFE79DF80400C00717
:1042400078B1FFE79DF80800C00748B1FFE7039881
:1042500001686FF001000861039800F011FBFFE7AF
:10426000FFE79DF804000006002810D5FFE79DF841
:1042700008000006002809D5FFE7039801686FF0E1
:10428000800008610398FFF78DF9FFE7FFE79DF8CD
:1042900004004006002810D5FFE79DF808004006FE
:1042A000002809D5FFE7039801686FF04000086116
:1042B000039800F0D3FBFFE7FFE79DF804008006BA
:1042C000002810D5FFE79DF808008006002809D5D2
:1042D000FFE7039801686FF0200008610398FFF77B
:1042E00065F9FFE7FFE704B080BD000080B58CB042
:1042F0000B9000200A9009900890079006900B9868
:1043000000680021C4F20101884222D1FFE7FFE7E3
:104310000020059043F63000C4F20200016841F02D
:1043200010010160006800F0100005900598FFE79B
:104330004FF4D44006900221079101200890099182
:104340000A9041F20000C4F2020006A9FDF7A2FFA4
:10435000B2E00B98006840F20041C4F201018842CB
:1043600023D1FFE7FFE70020049043F63000C4F2BA
:104370000200016841F004010160006800F00400DF
:1043800004900498FFE74FF44070069002200790D5
:1043900000200890099003200A9040F60000C4F223
:1043A000020006A9FDF776FF85E00B98006844F24D
:1043B0000001C4F20101884222D1FFE7FFE700209B
:1043C000039043F63000C4F20200016841F010018E
:1043D0000160006800F0100003900398FFE7602080
:1043E00006900220079001210891099003200A906D
:1043F00041F20000C4F2020006A9FDF74BFF59E0AC
:104400000B98006844F20041C4F20101884223D1B4
:10441000FFE7FFE70020029043F63000C4F20200FD
:10442000016841F002010160006800F002000290A2
:104430000298FFE74FF48070069002200790012158
:104440000891099003200A9040F20040C4F2020053
:1044500006A9FDF71FFF2CE00B98006844F6000149
:10446000C4F20101884223D1FFE7FFE70020019059
:1044700043F63000C4F20200016841F0020101601D
:10448000006800F0020001900198FFE74FF400700F
:1044900006900220079001210891099003200A90BC
:1044A00040F20040C4F2020006A9FDF7F3FEFFE768
:1044B000FFE7FFE7FFE7FFE70CB080BD81B00090AA
:1044C00001B0704780B586B004900391029200203D
:1044D0008DF80700FFE7049890F83C00012804D10C
:1044E000FFE702208DF8170089E00499012081F888
:1044F0003C00FFE7FFE7029800900C2800F2708074
:104500000099DFE801F0076D6D6D206D6D6D3A6DFE
:104510006D6D530004980068039902F051FA0498F5
:104520000168886940F0080088610498016888691A
:1045300020F0040088610398026904980168886982
:104540001043886150E004980068039902F0AEFAC5
:1045500004980168886940F40060886104980168E3
:10456000886920F480608861039802690498016872
:10457000886940EA0220886136E00498006803995F
:1045800002F00EFB04980168C86940F00800C86199
:1045900004980168C86920F00400C86103980269A2
:1045A00004980168C8691043C8611DE00498006858
:1045B000039902F06FFB04980168C86940F4006039
:1045C000C86104980168C86920F48060C8610398D4
:1045D000026904980168C86940EA0220C86103E0E2
:1045E00001208DF80700FFE7FFE70499002081F81C
:1045F0003C00FFE79DF807008DF81700FFE79DF8E6
:10460000170006B080BD000080B582B00090009811
:1046100020B9FFE701208DF807003FE0009890F8EF
:104620003D0040B9FFE70099002081F83C00009868
:1046300000F038F8FFE70099022081F83D0000996A
:1046400051F8040B01F094FF0099012081F8460015
:10465000FFE70099012081F83E00009981F83F00B2
:10466000009981F84000009981F84100FFE7FFE7D9
:104670000099012081F84200009981F843000099D7
:1046800081F84400009981F84500FFE70099012076
:1046900081F83D0000208DF80700FFE79DF8070036
:1046A00002B080BD81B0009001B0704781B0009031
:1046B00001B0704780B58CB00A900991099828B96B
:1046C000FFE70A9890F83E0007901CE0099804283C
:1046D00005D1FFE70A9890F83F00069010E009988E
:1046E000082805D1FFE70A9890F84000059004E0FB
:1046F0000A9890F841000590FFE705980690FFE7BB
:1047000006980790FFE70798012804D0FFE70120EB
:104710008DF82F00AFE0099828B9FFE70A99022029
:1047200081F83E001EE00998042806D1FFE70A99A7
:10473000022081F83F00049012E00998082806D171
:10474000FFE70A99022081F84000039005E00A99EA
:10475000022081F841000390FFE703980490FFE7EF
:104760000498FFE70A98006809990122019201F074
:10477000D1FF01980A9909680022C4F2010291420E
:1047800002900CD0FFE70A9800684FF60041CBF684
:10479000FE710844B0FA80F040090290FFE70298E9
:1047A000C00738B1FFE70A980168486C40F4004040
:1047B0004864FFE70A9800680021C4F201018842BA
:1047C0003CD0FFE70A980068B0F1804F36D0FFE791
:1047D0000A98006840F20041C4F2000188422DD0DE
:1047E000FFE70A98006840F60001C4F20001884221
:1047F00024D0FFE70A98006840F60041C4F20001A7
:1048000088421BD0FFE70A98006840F20041C4F2DA
:104810000101884212D0FFE70A98006844F20001C3
:10482000C4F20101884209D0FFE70A98006841F606
:104830000001C4F20001884212D1FFE70A98006823
:10484000806800F0070008900898062807D0FFE766
:104850000A980168086840F001000860FFE706E078
:104860000A980168086840F001000860FFE700202E
:104870008DF82F00FFE79DF82F000CB080BD0000E1
:1048800080B582B00190019800680021C4F2010156
:10489000884207D1FFE740F65800C2F200004068A6
:1048A0008047D9E001980068B0F1804F07D1FFE759
:1048B00040F66000C2F2000040688047CBE00198FB
:1048C000006840F20041C4F20001884207D1FFE7CE
:1048D00040F66800C2F2000040688047BAE00198E4
:1048E000006840F60001C4F20001884207D1FFE7EA
:1048F00040F67000C2F2000040688047A9E00198CD
:10490000006840F60041C4F20001884207D1FFE789
:1049100040F67800C2F200004068804798E00198B5
:10492000006841F20001C4F20001884207D1FFE7AC
:1049300040F68000C2F200004068804787E001989E
:10494000006841F20041C4F20001884207D1FFE74C
:1049500040F68800C2F200004068804776E0019887
:10496000006840F20041C4F20101884207D1FFE72C
:1049700040F69000C2F200004068804765E0019870
:10498000006844F20001C4F20101884207D1FFE748
:1049900040F69800C2F200004068804754E0019859
:1049A000006844F20041C4F20101884207D1FFE7E8
:1049B00040F63000C2F200004068804743E00198B2
:1049C000006844F60001C4F20101884207D1FFE704
:1049D00040F63800C2F200004068804732E001989B
:1049E000006841F60001C4F20001884207D1FFE7E8
:1049F00040F64000C2F200004068804721E0019884
:104A0000006841F60041C4F20001884207D1FFE787
:104A100040F64800C2F200004068804710E001986C
:104A2000006842F20001C4F20001884207D1FFE7AA
:104A300040F65000C2F2000040688047FFE7FFE701
:104A4000FFE7FFE7FFE7FFE7FFE7FFE7FFE7FFE736
:104A5000FFE7FFE7FFE7FFE702B080BD81B000900E
:104A600001B0704780B586B004900391ADF80A207C
:104A7000049890F84200202848D1FFE7039820B11D
:104A8000FFE7BDF80A0020B9FFE701208DF8170005
:104A900040E00499012008630499002048630498C9
:104AA0000399BDF80A2002F0B7FD8DF809000498BB
:104AB000006B012821D1FFE7FFE700200190049857
:104AC00000680068019004980068406801900198AF
:104AD000FFE7FFE7FFE70498006850E8030F40F0A6
:104AE00010000090FFE700990498026842E8031064
:104AF0000028F0D1FFE7FFE703E001208DF809006F
:104B0000FFE79DF809008DF8170003E002208DF8FB
:104B10001700FFE79DF8170006B080BD80B58CB088
:104B20000B90ADF82A100B98006841F20001C4F216
:104B30000101884219D1FFE7BDF82A1040F6A00014
:104B4000C2F200000890A0F80814D0F80C24BDF8B8
:104B50002A1000F5017009909047089A09990B985E
:104B6000B2F80424FFF77EFF91E00B98006844F24E
:104B70000041C4F20001884219D1FFE7BDF82A10B4
:104B800040F6B040C2F200000690A0F80814D0F839
:104B90000C24BDF82A1000F5017007909047069A82
:104BA00007990B98B2F80424FFF75CFF6EE00B98AE
:104BB000006844F60001C4F2000188421FD1FFE7FB
:104BC000BDF82A1041F2C000C2F200000490A0F823
:104BD0000814D0F80C24BDF82A1000F501700590D7
:104BE000904704990598B1F80414FBF7CDFB049A9B
:104BF00005990B98B2F80424FFF734FF45E00B98B1
:104C0000006844F60041C4F20001884219D1FFE770
:104C1000BDF82A1041F2D040C2F200000290A0F884
:104C20000814D0F80C24BDF82A1000F50170039088
:104C30009047029A03990B98B2F80424FFF712FFE9
:104C400022E00B98006841F20041C4F20101884261
:104C500019D1FFE7BDF82A1041F6F040C2F200007A
:104C60000090A0F80814D0F80C24BDF82A1000F524
:104C7000017001909047009A01990B98B2F80424B2
:104C8000FFF7F0FEFFE7FFE7FFE7FFE7FFE70CB006
:104C900080BD000080B584B003900020029003988E
:104CA00000684069C0B2C0090290039890F84100C2
:104CB000212823D1FFE7029800B3FFE7FFE7FFE7D2
:104CC0000398006850E8050F20F080000190FFE78E
:104CD00001990398026842E805100028F0D1FFE727
:104CE000FFE70398806B28B1FFE70398806BFCF720
:104CF0006DFFFFE7039802F07FFAFFE70398006873
:104D00004069C0F380100290039890F84200222876
:104D100023D1FFE7029800B3FFE7FFE7FFE703981F
:104D2000006850E8050F20F040000090FFE7009970
:104D30000398026842E805100028F0D1FFE7FFE77A
:104D40000398C06B28B1FFE70398C06BFCF73EFFE8
:104D5000FFE7039802F0F2F9FFE7002004B080BDFE
:104D600081B0009001B0704780B592B01190119859
:104D700000680068109011980068C0680F90119842
:104D8000006840690E9000200D900C90109800F083
:104D90000F000D900D9888B9FFE79DF84000800640
:104DA00000280AD5FFE79DF83C008006002804D5BE
:104DB000FFE7119802F0DEFA02E2FFE70D98002803
:104DC00000F0C280FFE79DF83800C00738B9FFE760
:104DD000BDF83C0010F4907F00F0B680FFE79DF82E
:104DE0004000C00758B1FFE79DF83D00C00730B153
:104DF000FFE71199486C40F001004864FFE79DF817
:104E00004000400700280BD5FFE79DF83800C00799
:104E100030B1FFE71199486C40F002004864FFE7A9
:104E20009DF84000800700280BD5FFE79DF838006B
:104E3000C00730B1FFE71199486C40F004004864A6
:104E4000FFE79DF840000007002811D5FFE79DF817
:104E50003C008006002805D4FFE79DF83800C00715
:104E600030B1FFE71199486C40F008004864FFE753
:104E70001198406C002866D0FFE79DF8400080063E
:104E800000280AD5FFE79DF83C008006002804D5DD
:104E9000FFE7119802F06EFAFFE711980068406989
:104EA000C0F380100C901198406C0007002804D4C7
:104EB000FFE70C9800283ED0FFE7119802F03EF97A
:104EC000119800684069400600282FD5FFE7FFE7EA
:104ED000FFE71198006850E8050F20F040000B90A4
:104EE000FFE70B991198026842E805100028F0D1FD
:104EF000FFE7FFE71198C06B98B1FFE71198C16B0E
:104F000046F67D70C0F6000008651198C06BFCF78E
:104F1000D3FE28B1FFE71198C06B016D8847FFE70A
:104F200003E01198FFF71CFFFFE703E01198FFF77C
:104F300017FFFFE706E01198FFF712FF1199002015
:104F40004864FFE7FFE73BE11198006B012840F060
:104F50001781FFE79DF84000C006002840F110814E
:104F6000FFE79DF83C00C006002840F10981FFE7FB
:104F7000FFE700200A901198006800680A901198D5
:104F8000006840680A900A98FFE711980068406935
:104F90004006002840F19A80FFE71198C06B006836
:104FA0004068ADF82600BDF82600002875D0FFE760
:104FB000BDF826001199898D88426EDAFFE7BDF8A9
:104FC00026001199C8851198C06BC069B0F5807F23
:104FD00058D0FFE7FFE7FFE71198006850E8030F9C
:104FE00020F480700890FFE708991198026842E861
:104FF00003100028F0D1FFE7FFE7FFE7FFE7119874
:10500000006850E8050F20F001000790FFE70799BE
:105010001198026842E805100028F0D1FFE7FFE789
:10502000FFE7FFE71198006850E8050F20F0400007
:105030000690FFE706991198026842E805100028DB
:10504000F0D1FFE7FFE71199202081F84200119984
:1050500000200863FFE7FFE71198006850E8030F9E
:1050600020F010000590FFE705991198026842E8CA
:1050700003100028F0D1FFE7FFE71198C06BFCF7A1
:10508000A5FDFFE71199022048631198818DC28D1B
:10509000891A89B2FFF742FD17E0BDF82600119981
:1050A000898D884210D1FFE71198C06BC069B0F5B7
:1050B000807F08D1FFE71199022048631198818D04
:1050C000FFF72CFDFFE7FFE7FFE779E01199888DF7
:1050D000C98D401AADF812001198C08D00284ED02D
:1050E000FFE7BDF81200002849D0FFE7FFE7FFE720
:1050F0001198006850E8030F20F490700390FFE7C8
:1051000003991198026842E803100028F0D1FFE7E4
:10511000FFE7FFE7FFE71198006850E8050F20F070
:1051200001000290FFE702991198026842E8051019
:105130000028F0D1FFE7FFE71199202081F8420015
:10514000119900200863FFE7FFE71198006850E815
:10515000030F20F010000190FFE7019911980268F9
:1051600042E803100028F0D1FFE7FFE71199022081
:1051700048631198BDF81210FFF7D0FCFFE71FE05D
:105180009DF84000000600280AD5FFE79DF83C0086
:105190000006002804D5FFE7119802F007FB0FE096
:1051A0009DF84000400600280AD5FFE79DF83C0026
:1051B0004006002804D5FFE7119802F009F8FFE740
:1051C00012B080BD80B582B00090009820B9FFE792
:1051D00001208DF8070040E00098806908B1FFE7E2
:1051E00000E0FFE7009890F8410040B9FFE7009920
:1051F000002081F84000009800F034F8FFE70099A3
:10520000242081F8410000980168C86820F400500B
:10521000C860009802F062F900980168086920F4FB
:105220009040086100980168486920F02A004861B0
:1052300000980168C86840F40050C86000990020D8
:105240004864009A202182F84110009A82F84210A6
:10525000009948638DF80700FFE79DF8070002B04A
:1052600080BD000080B5A2B02190002020901F904A
:105270001E901D901C902198006844F60041C4F2D5
:105280000001884240F09E80FFE7FFE700201B906E
:1052900043F64000C4F20200016841F400210160BD
:1052A000006800F400201B901B98FFE7FFE7002038
:1052B0001A9043F63000C4F20200016841F0040184
:1052C0000160006800F004001A901A98FFE74FF49C
:1052D00040601C9002201D90002010901E90032022
:1052E0000F901F900820209040F60000C4F20200AA
:1052F0001CA9FCF7CFFF0F9A109942F2D410C2F20A
:105300000000119046F24003C4F2020303604FF024
:10531000006343608160C1604FF480630361416159
:105320008161C1610162042343628262C1620163DF
:10533000FCF774FE18B1FFE7FBF708FBFFE7FFE798
:10534000219842F2D411C2F20001C163219888630E
:10535000FFE742F23420C2F200000E9046F27001E4
:10536000C4F2020101604FF00061416040218160A0
:105370000021C1604FF48062026141618161C161BD
:1053800001620422426203228262C1620163FCF76D
:1053900045FE18B1FFE7FBF7D9FAFFE7FFE72198D1
:1053A00042F23421C2F20001816321988863FFE751
:1053B00034200D9000221146FDF79AFB0D98FDF761
:1053C0008DFBD5E12198006841F20001C4F2010192
:1053D000884267D1FFE7FFE70020199043F64400B9
:1053E000C4F20200016841F010010160006800F0A1
:1053F000100019901998FFE7FFE70020189043F676
:105400003000C4F20200016841F00101016000684F
:1054100000F0010018901898FFE74FF4C0601C904E
:1054200002201D9000200B901E9003201F9007204B
:1054300020900020C4F202001CA9FCF72BFF0B995E
:1054400042F29420C2F200000C9046F24042C4F2B4
:10545000020202604FF0006242608160C1604FF45E
:105460008062026141618161C16101624162FCF758
:10547000D5FD18B1FFE7FBF769FAFFE7FFE72198D1
:1054800042F29421C2F20001C16321988863FFE7D0
:1054900025200A9000221146FDF72AFB0A98FDF705
:1054A0001DFB64E12198006844F20041C4F2000150
:1054B00088423ED1FFE7FFE70020179043F6400007
:1054C000C4F20200016841F400310160006800F498
:1054D000003017901798FFE7FFE70020169043F67B
:1054E0003000C4F20200016841F008010160006868
:1054F00000F0080016901698FFE760201C9002202C
:105500001D90002008901E9003201F9007202090DF
:1055100040F60040C4F202001CA9FCF7BBFE089A4A
:10552000262009901146FDF7E3FA0998FDF7D6FA0F
:105530001CE12198006844F60001C4F20001884291
:1055400040F09A80FFE7FFE70020159043F6400007
:10555000C4F20200016841F480210160006800F497
:10556000802015901598FFE7FFE70020149043F680
:105570003000C4F20200016841F0080101600068D7
:1055800000F0080014901498FFE74FF440701C904E
:1055900002201D90002006901E9003201F900720DF
:1055A000209040F60040C4F202001CA9FCF772FEF5
:1055B000069942F2F420C2F20000079046F2280257
:1055C000C4F2020202604FF0006242608160C1607A
:1055D0004FF48062026141618161C1614FF44032E8
:1055E00002624162FCF71AFD18B1FFE7FBF7AEF962
:1055F000FFE7FFE7219842F2F421C2F20001C16304
:1056000021988863FFE742F25430C2F2000005900F
:1056100046F25801C4F2020101604FF0006141609E
:10562000402181600021C1604FF4806202614161CC
:105630008161C16101620422426203228262C1620D
:105640000163FCF7EBFC18B1FFE7FBF77FF9FFE71D
:10565000FFE7219842F25431C2F2000181632198A0
:105660008863FFE72720049000221146FDF740FAE7
:105670000498FDF733FA78E02198006841F2004180
:10568000C4F2010188426FD1FFE7FFE700201390C9
:1056900043F64400C4F20200016841F020010160B9
:1056A000006800F0200013901398FFE7FFE7002048
:1056B000129043F63000C4F20200016841F0040188
:1056C0000160006800F0040012901298FFE7C0200B
:1056D0001C9002201D90002002901E90032001903B
:1056E0001F900820209040F60000C4F202001CA980
:1056F000FCF7D0FD019A029942F2B430C2F20000E8
:10570000039046F22843C4F2020303604FF0206383
:1057100043608160C1604FF48063036141618161D6
:10572000C1614FF440330362042343628262C16269
:105730000163FCF773FC18B1FFE7FBF707F9FFE71C
:10574000FFE7219842F2B431C2F20001C16321980F
:105750008863FFE74720009000221146FDF7C8F953
:105760000098FDF7BBF9FFE7FFE7FFE7FFE7FFE77B
:1057700022B080BD80B584B002900191ADF80220C6
:10578000029890F84200202817D1FFE7019820B135
:10579000FFE7BDF8020020B9FFE701208DF80F00F8
:1057A0000FE002990020086302980199BDF80220D9
:1057B00001F0CAFF8DF80F0003E002208DF80F0002
:1057C000FFE79DF80F0004B080BD000080B582B0F7
:1057D0000190019842F28071C2F2000188420CD11E
:1057E000FFE742F28070C2F2000040F20001C2F214
:1057F00000010122FFF7BEFFFFE702B080BD0000FD
:1058000081B0009001B0704781B0009001B0704746
:10581000FFE7FEE780B586B0002200920592049271
:105820000392029242F20410C2F20000019042F28E
:105830000011C4F2010101604FF4803141608260C7
:1058400001210161017680F82020C2620123C0F6A7
:1058500000738362C260C16180F830204161FBF750
:1058600091F918B1FFE7FBF771F8FFE70820029004
:10587000012003900020049042F20410C2F20000C4
:1058800002A9FBF767F818B1FFE7FBF75FF8FFE73E
:1058900006B080BD80B582B042F24C10C2F200006A
:1058A000019046F20041C4F2000101600321416011
:1058B00000218160C1604FF4A02202614FF4C00258
:1058C00042610176012242768276C1760177417784
:1058D000FBF74CFF18B1FFE7FBF738F8FFE702B022
:1058E00080BD000080B58AB0FFE70020099043F634
:1058F0003000C4F20200016841F400110160006848
:1059000000F4001009900998FFE7FFE700200890D5
:1059100043F63000C4F20200016841F480010160E6
:10592000006800F4800008900898FFE70C200090C1
:10593000002206921146FDF7DBF80098FDF7CEF83D
:10594000069A0D2001901146FDF7D2F80198FDF757
:10595000C5F8069A0E2002901146FDF7C9F8029884
:10596000FDF7BCF8069A0F2003901146FDF7C0F82A
:105970000398FDF7B3F8069A392004901146FDF715
:10598000B7F80498FDF7AAF8069A3A200590114650
:10599000FDF7AEF80598FDF7A1F8069A3B200790B1
:1059A0001146FDF7A5F80798FDF798F80AB080BDF5
:1059B00080B594B0002013901290119010900F9029
:1059C000FFE700200E9043F63000C4F202000168A9
:1059D00041F010010160006800F010000E900E9878
:1059E000FFE7FFE700200D9043F63000C4F202000D
:1059F000016841F080010160006800F080000D90B6
:105A00000D98FFE7FFE700200C9043F63000C4F24A
:105A10000200016841F001010160006800F001002E
:105A20000C900C98FFE7FFE700200B9043F6300046
:105A3000C4F20200016841F002010160006800F058
:105A400002000B900B98FFE7FFE700200A9043F657
:105A50003000C4F20200016841F0080101600068F2
:105A600000F008000A900A98FFE7FFE7002009907D
:105A700043F63000C4F20200016841F00401016005
:105A8000006800F0040009900998FFE740F2004028
:105A9000C4F2020001904FF40041009100220592EF
:105AA000FCF7D4FD059A40F60040C4F202000790CE
:105AB0004FF4F0410291FCF7C9FD059A0020C4F2B1
:105AC000020004904FF480710391FCF7BFFD009A2F
:105AD000019805990F92012206921092119112914C
:105AE0000FA90891FCF7D6FBDDF808C0059A069BC4
:105AF00007980899CDF83CC0109311921292FCF7C8
:105B0000C9FBDDF80CC00498059A069B0899CDF8EE
:105B10003CC0109311921292FCF7BCFB059B069AB5
:105B2000079808994FF0080CCDF83CC010931192DB
:105B3000FCF7B0FB14B080BD80B582B042F21440D7
:105B4000C2F20000019045F60001C4F200010160BC
:105B500048F2A061C0F20101416000218160C16092
:105B60004FF48042026141618161C1610162FCF7D1
:105B70008BFD18B1FFE7FAF7E9FEFFE702B080BD41
:105B800080B588B00021009107910691059104919C
:105B900003910291019142F2B040C2F2000044F23E
:105BA0000042C4F2010202604160816044F29F122F
:105BB000C260016180218161FDF7E8FD18B1FFE756
:105BC000FAF7C4FEFFE742F2B040C2F20000FEF76F
:105BD0001BFD18B1FFE7FAF7B9FEFFE7602001905F
:105BE000002202920392059242F2B040C2F20000FB
:105BF00001A9FEF767FC18B1FFE7FAF7A7FEFFE778
:105C000042F2B040C2F20000FEF770FB08B080BD67
:105C100080B588B00021009107910691059104910B
:105C200003910291019142F2F840C2F2000044F661
:105C30000002C4F2010202604160816044F29F12DE
:105C4000C260016180218161FDF7A0FD18B1FFE70D
:105C5000FAF77CFEFFE742F2F840C2F20000FEF7DE
:105C6000D3FC18B1FFE7FAF771FEFFE7602001905F
:105C7000002202920392059242F2F840C2F2000022
:105C800001A9FEF71FFC18B1FFE7FAF75FFEFFE777
:105C900042F2F840C2F20000FEF728FB08B080BDD7
:105CA00080B598B00021019117911691159114912A
:105CB00013911291119110910F910E910D910C91E0
:105CC0000B910A9109910891079106910591049110
:105CD000039142F26840C2F2000002900022C4F236
:105CE000010202604160816044F29F12C260016162
:105CF000416180218161FDF749FD18B1FFE7FAF7A5
:105D000025FEFFE74FF48050149042F26840C2F243
:105D1000000014A9FDF7B8FE18B1FFE7FAF716FE68
:105D2000FFE742F26840C2F20000FEF76DFC18B1D6
:105D3000FFE7FAF70BFEFFE700201290139042F204
:105D40006840C2F2000012A9FDF78EFC18B1FFE70F
:105D5000FAF7FCFDFFE760200B9000220C920D92F9
:105D60000E920F921092119242F26840C2F200001D
:105D70000BA9FEF7A7FB18B1FFE7FAF7E7FDFFE76E
:105D800042F26840C2F200000BA90422FEF79AFB1F
:105D900018B1FFE7FAF7DAFDFFE742F26840C2F216
:105DA00000000BA90822FEF78DFB18B1FFE7FAF7F8
:105DB000CDFDFFE742F26840C2F200000BA90C22C1
:105DC000FEF780FB18B1FFE7FAF7C0FDFFE7002000
:105DD000039004900590069007904FF400510891AD
:105DE0000A9042F26840C2F2000003A9FDF7E2FB0C
:105DF00018B1FFE7FAF7AAFDFFE742F26840C2F2E6
:105E00000000FEF773FA18B080BD000080B58EB0B8
:105E100005A801902421FAF7B7FA0199002202920D
:105E20000492039242F24050C2F200004FF08043CD
:105E30000360426082604FF6FF73C360026182615B
:105E400003230593069201230793089209920A926D
:105E50000B930C920D92FDF7D9FE18B1FFE7FAF7FC
:105E600075FDFFE700200390049042F24050C2F21B
:105E7000000003A9FDF7F8FB18B1FFE7FAF766FD8C
:105E8000FFE70EB080BD000080B58EB005A8019080
:105E90002421FAF779FA01990022029204920392DE
:105EA00042F28850C2F2000040F20043C4F2000304
:105EB0000360426082604FF6FF73C36002618261DB
:105EC00003230593069201230793089209920A92ED
:105ED0000B930C920D92FDF799FE18B1FFE7FAF7BC
:105EE00035FDFFE700200390049042F28850C2F293
:105EF000000003A9FDF7B8FB18B1FFE7FAF726FD8C
:105F0000FFE70EB080BD000080B58EB005A80190FF
:105F10002421FAF739FA019900220292049203929D
:105F200042F2D050C2F2000040F60003C4F2000377
:105F30000360426082604FF6FF73C360026182615A
:105F400003230593069201230793089209920A926C
:105F50000B930C920D92FDF759FE18B1FFE7FAF77B
:105F6000F5FCFFE700200390049042F2D050C2F20B
:105F7000000003A9FDF778FB18B1FFE7FAF7E6FC8C
:105F8000FFE70EB080BD000080B58EB005A801907F
:105F90002421FAF7F9F9019900220292049203925E
:105FA00042F21860C2F2000040F60043C4F200035F
:105FB0000360426082604FF6FF73C36002618261DA
:105FC00003230593069201230793089209920A92EC
:105FD0000B930C920D92FDF719FE18B1FFE7FAF73B
:105FE000B5FCFFE700200390049042F21860C2F273
:105FF000000003A9FDF738FB18B1FFE7FAF7A6FC8C
:10600000FFE70EB080BD000080B582B00021019195
:10601000009142F26060C2F2000041F20002C4F25C
:1060200000020260A7224260816040F2E731C16055
:1060300080218161FDF7AAFB18B1FFE7FAF786FC22
:10604000FFE700200090019042F26060C2F2000081
:106050006946FDF709FB18B1FFE7FAF777FCFFE7A0
:1060600002B080BD80B598B00021019117911691C2
:106070001591149113911291119110910F910E910C
:106080000D910C910B910A9109910891079106913C
:1060900005910491039142F2A860C2F200000290BF
:1060A00040F20042C4F201020260A7224260816015
:1060B00044F61F62C2604FF48072026141618161E7
:1060C000FDF764FB18B1FFE7FAF740FCFFE74FF478
:1060D0008050149042F2A860C2F2000014A9FDF7AB
:1060E000D3FC18B1FFE7FAF731FCFFE742F2A860F2
:1060F000C2F20000FEF788FA18B1FFE7FAF726FCB3
:10610000FFE700201290139042F2A860C2F2000054
:1061100012A9FDF7A9FA18B1FFE7FAF717FCFFE794
:1061200060200B9040F2DC500C9000200D900E90FF
:106130000F901090119042F2A860C2F200000BA9DB
:106140000822FEF7BFF918B1FFE7FAF7FFFBFFE7F8
:1061500042F2A860C2F200000BA90C22FEF7B2F9CD
:1061600018B1FFE7FAF7F2FBFFE700200390049075
:106170000590069007904FF4005108910A9042F262
:10618000A860C2F2000003A9FDF714FA18B1FFE7F6
:10619000FAF7DCFBFFE742F2A860C2F20000FEF76C
:1061A000A5F818B080BD000080B58CB0002100912A
:1061B0000B910A910991089107910691059104911B
:1061C00003910291019142F2F060C2F2000044F2A8
:1061D0000002C4F2010202604160816044F29F1239
:1061E000C260016180218161FDF7D0FA18B1FFE73B
:1061F000FAF7ACFBFFE74FF48050089042F2F060F2
:10620000C2F2000008A9FDF73FFC18B1FFE7FAF75A
:106210009DFBFFE742F2F060C2F20000FEF7F4F9E6
:1062200018B1FFE7FAF792FBFFE760200190002228
:1062300002920392059242F2F060C2F2000001A9BC
:10624000FEF740F918B1FFE7FAF780FBFFE742F2EB
:10625000F060C2F2000001A90422FEF733F918B180
:10626000FFE7FAF773FBFFE742F2F060C2F20000CB
:10627000FEF73CF80CB080BD80B582B042F610004D
:10628000C2F20000019044F60041C4F20001016036
:106290004FF4E131416000218160C16001610C2255
:1062A00042618161C161FEF78DFF18B1FFE7FAF726
:1062B0004DFBFFE702B080BD80B582B042F238707E
:1062C000C2F20000019041F20001C4F2010101603C
:1062D0004FF4E131416000218160C16001610C2215
:1062E00042618161C161FEF76DFF18B1FFE7FAF706
:1062F0002DFBFFE702B080BD80B582B042F2807016
:10630000C2F20000019044F20041C4F200010160B9
:106310004FF41651416000218160C16001610C227F
:1063200042618161C161FEF74DFF18B1FFE7FAF7E5
:106330000DFBFFE702B080BD80B582B042F2C870AD
:10634000C2F20000019044F60001C4F200010160B5
:106350004FF4E131416000218160C16001610C2294
:1063600042618161C161FEF72DFF18B1FFE7FAF7C5
:10637000EDFAFFE702B080BD80B582B042F658006A
:10638000C2F20000019041F20041C4F2010101603B
:106390004FF4E131416000218160C16001610C2254
:1063A00042618161C161FEF70DFF18B1FFE7FAF7A5
:1063B000CDFAFFE702B080BDFFE7FEE7FFE7FEE7AB
:1063C00088B0079006910592079800F007000490A6
:1063D0000498C0F10700052803D3FFE704200190CB
:1063E00004E00498C0F107000190FFE701980390D2
:1063F00004980430062803D8FFE70020009003E04B
:10640000049803380090FFE70098029006980399DB
:10641000012202FA01F101390840029B98400599D6
:106420009A40013A1140084308B070477047000095
:106430007047000080B582B0009000980138B0F13C
:10644000807F03D3FFE70120019019E00098013815
:106450004EF21401CEF2000108604FF0FF300F2120
:1064600003F042FD4EF21801CEF200010020086058
:106470004EF21002CEF20002072111600190FFE7F8
:10648000019802B080BD000080B5FCF799FA80BD8C
:1064900080B594B008A83021F9F776FF0020079066
:1064A0000690059004900390FFE70020029043F6C9
:1064B0004000C4F20200016841F0805101600068B0
:1064C00000F0805002900298FFE7FFE70020019063
:1064D00047F20000C4F20000016841F4804101600D
:1064E000006800F4804001900198FFE701200890C7
:1064F0004FF48030099002210E914FF480000F90EC
:1065000004201090A82211921291139008A8FCF771
:10651000E1FC18B1FFE7FAF719FAFFE70F20039043
:1065200002200490002005904FF4A05006904FF4F4
:106530008050079003A80521FCF7FCFA18B1FFE78B
:10654000FAF704FAFFE714B080BD00004EF6885158
:10655000CEF20001086840F4700008607047000047
:1065600080B542F26060C2F20000FDF7B1FD80BD6F
:1065700083B0029001910298006800900298002177
:10658000C4F20101884225D0FFE70298B0F1804FA4
:1065900020D0FFE7029840F20041C4F20001884297
:1065A00018D0FFE7029840F60001C4F200018842CB
:1065B00010D0FFE7029840F60041C4F20001884283
:1065C00008D0FFE7029840F20041C4F2010188427E
:1065D0000AD1FFE7009820F0700000900198416810
:1065E000009808430090FFE702980021C4F20101DF
:1065F000884255D0FFE70298B0F1804F50D0FFE7B6
:10660000029840F20041C4F20001884248D0FFE7FE
:10661000029840F60001C4F20001884240D0FFE732
:10662000029840F60041C4F20001884238D0FFE7EA
:10663000029840F20041C4F20101884230D0FFE7E5
:10664000029844F20001C4F20101884228D0FFE719
:10665000029844F20041C4F20101884220D0FFE7D1
:10666000029844F60001C4F20101884218D0FFE705
:10667000029841F60001C4F20001884210D0FFE701
:10668000029841F60041C4F20001884208D0FFE7B9
:10669000029842F20001C4F2000188420AD1FFE7E9
:1066A000009820F4407000900198C1680098084359
:1066B0000090FFE7009820F08000019949690843A5
:1066C0000090019880680299C86201980068029958
:1066D000886202980021C4F20101884208D0FFE7D5
:1066E000029840F20041C4F20101884205D1FFE75F
:1066F0000198006902990863FFE70299086840F071
:10670000040008600299012048610098029908601D
:1067100003B0704784B0039002910192029800F098
:106720001F01012088400090009A0399086A904355
:1067300008620198029901F01F0100FA01F2039921
:10674000086A1043086204B07047000085B00490E6
:10675000039102920193049880680090009820F4BD
:106760007F40009003980299019A41EA0221014377
:1067700000980843009000980499886005B070471D
:1067800083B002900191029880680090009820F0F8
:106790007000009001980099084340F007000090B5
:1067A00000980299886003B07047000082B00190A1
:1067B0000091019800680021C4F20101884209D1CA
:1067C000FFE7019840F65801C2F200010860009806
:1067D0004860F3E001980068B0F1804F09D1FFE70D
:1067E000019840F66001C2F200010860009848601C
:1067F000E3E00198006840F20041C4F200018842E1
:1068000009D1FFE7019840F66801C2F20001086073
:1068100000984860D0E00198006840F60001C4F29A
:106820000001884209D1FFE7019840F67001C2F2E9
:106830000001086000984860BDE00198006840F6DB
:106840000041C4F20001884209D1FFE7019840F6F7
:106850007801C2F20001086000984860AAE001983F
:10686000006841F20001C4F20001884209D1FFE74B
:10687000019840F68001C2F200010860009848606B
:1068800097E00198006841F20041C4F2000188429B
:1068900009D1FFE7019840F68801C2F200010860C3
:1068A0000098486084E00198006840F20041C4F21A
:1068B0000101884209D1FFE7019840F69001C2F238
:1068C000000108600098486071E00198006844F297
:1068D0000001C4F20101884209D1FFE7019840F6A6
:1068E0009801C2F200010860009848605EE00198DB
:1068F000006844F20041C4F20101884209D1FFE777
:10690000019840F63001C2F200010860009848602A
:106910004BE00198006844F60001C4F2010188428E
:1069200009D1FFE7019840F63801C2F20001086082
:106930000098486038E00198006841F60001C4F210
:106940000001884209D1FFE7019840F64001C2F2F8
:10695000000108600098486025E00198006841F651
:106960000041C4F20001884209D1FFE7019840F6D6
:106970004801C2F2000108600098486012E00198E6
:10698000006842F20001C4F20001884209D1FFE729
:10699000019840F65001C2F200010860009848607A
:1069A000FFE7FFE7FFE7FFE7FFE7FFE7FFE7FFE7B7
:1069B000FFE7FFE7FFE7FFE7FFE7FFE702B070470A
:1069C00085B0049003910498006A01900499086AC4
:1069D00020F00100086204984068009004988069E3
:1069E0000290029820F070000290029820F00300BC
:1069F000029003980168029808430290019820F0E1
:106A0000020001900398816801980843019004985E
:106A10000021C4F20101884208D0FFE7049840F247
:106A20000041C4F2010188420ED1FFE7019820F035
:106A3000080001900398C1680198084301900198EB
:106A400020F004000190FFE704980021C4F2010146
:106A5000884208D0FFE7049840F20041C4F20101E7
:106A6000884213D1FFE7009820F4807000900098CE
:106A700020F400700090039841690098084300904A
:106A800003988169009808430090FFE700980499F3
:106A900048600298049988610398406804994863A3
:106AA00001980499086205B07047000085B0049011
:106AB00003910498006A01900499086A20F010007C
:106AC00008620498406800900498806902900298D7
:106AD00020F4E0400290029820F440700290039865
:106AE0000168029840EA01200290019820F02000FD
:106AF000019003988168019840EA01100190049880
:106B00000021C4F20101884208D0FFE7049840F256
:106B10000041C4F2010188420FD1FFE7019820F043
:106B2000800001900398C168019840EA011001902B
:106B3000019820F040000190FFE704980021C4F282
:106B40000101884208D0FFE7049840F20041C4F2F6
:106B50000101884215D1FFE7009820F48060009081
:106B6000009820F40060009003984169009840EA82
:106B70008100009003988169009840EA81000090AC
:106B8000FFE7009804994860029804998861039887
:106B900040680499886301980499086205B07047B9
:106BA00085B0049003910498006A01900499086AE2
:106BB00020F4807008620498406800900498C069CE
:106BC0000290029820F070000290029820F00300DA
:106BD000029003980168029808430290019820F4FB
:106BE0000070019003988168019840EA01200190AB
:106BF00004980021C4F20101884208D0FFE70498FC
:106C000040F20041C4F2010188420FD1FFE7019830
:106C100020F4006001900398C168019840EA0120C7
:106C20000190019820F480600190FFE70498002112
:106C3000C4F20101884208D0FFE7049840F2004105
:106C4000C4F20101884215D1FFE7009820F480507A
:106C50000090009820F4005000900398416900983B
:106C600040EA0110009003988169009840EA011001
:106C70000090FFE700980499486002980499C86161
:106C8000039840680499C86301980499086205B0A4
:106C90007047000085B0049003910498006A019049
:106CA0000499086A20F480500862049840680090B3
:106CB0000498C0690290029820F4E0400290029883
:106CC00020F44070029003980168029840EA012085
:106CD0000290019820F40050019003988168019877
:106CE00040EA0130019004980021C4F20101884279
:106CF00008D0FFE7049840F20041C4F20101884245
:106D00000BD1FFE7009820F4804000900398416980
:106D1000009840EA81100090FFE7009804994860CD
:106D200002980499C861039840680499086401981E
:106D30000499086205B0704785B0049003910292EF
:106D40000498006A00900499086A20F00100086223
:106D5000049880690190019820F0F0000190029958
:106D6000019840EA01100190009820F00A0000907C
:106D7000039900980843009001980499886100984D
:106D80000499086205B0704785B00490039102929F
:106D90000498006A00900499086A20F010000862C4
:106DA000049880690190019820F470400190029944
:106DB000019840EA01300190009820F0A000009076
:106DC0000399009840EA01100090019804998861A5
:106DD00000980499086205B07047000080B588B03B
:106DE00042F24C10C2F2000047F69171C0F6000169
:106DF00001F026F942F26060C2F20000079047F607
:106E0000A931C0F60001FFF7D1FC42F61000C2F232
:106E1000000047F6D921C0F60001182200F008FA58
:106E200042F65800C2F2000047F62131C0F60001D8
:106E30000A2200F0FDF942F28070C2F2000040F236
:106E40000001C2F200010122FEF794FC42F204109C
:106E5000C2F200000821049101F0A6F840F20C10E3
:106E6000C2F2000001F056FC42F2B040C2F2000053
:106E700000210191FDF71EFC019942F2F840C2F297
:106E80000000FDF717FC019942F2F060C2F2000029
:106E90000090FDF70FFC009804210291FDF70AFC19
:106EA000019942F26840C2F200000390FDF702FC33
:106EB00002990398FDF7FEFB04990398FDF7FAFB8E
:106EC00003980C210591FDF7F5FB049942F2A860A7
:106ED000C2F200000690FDF7EDFB05990698FDF75C
:106EE000E9FB0798FCF754FD08B080BD80B584B07D
:106EF00040F22000C2F2000000909FED170ADFED83
:106F0000170ACDED010A00F09DFD40F21000C2F21B
:106F1000000002909FED120ADFED120A00F092FDD0
:106F20000098DDED010A90ED000A00F0B3FD014686
:106F3000029842F2A862C2F2000203921268D16380
:106F400090ED000ADFED080A00F0A4FD039909683E
:106F5000086404B080BD00BF00000000000087434B
:106F600000008C420000B4420000344380B542F679
:106F70001000C2F20000FDF7F7FE80BD80B582B0C0
:106F800001900198806B009000990020C8850098BE
:106F9000FDF7E6FE02B080BD80B584B0039000200E
:106FA00002900398806B0190019800684069C0B21C
:106FB000C0090290019890F8410021280AD1FFE70A
:106FC000029838B1FFE701990020C884019800F0C9
:106FD00013F9FFE7019800684069C0F38010029040
:106FE000019890F8420022280AD1FFE7029838B1B0
:106FF000FFE701990020C885019800F09FF8FFE79E
:107000000199486C40F0100048640198FDF7A8FE13
:1070100004B080BD80B586B005900598806B049063
:10702000059800680068C00500285AD4FFE7049955
:107030000020C885FFE7FFE70498006850E8030FC9
:1070400020F480700390FFE703990498026842E8F7
:1070500003100028F0D1FFE7FFE7FFE7FFE7049800
:10706000006850E8050F20F001000290FFE7029948
:107070000498026842E805100028F0D1FFE7FFE716
:10708000FFE7FFE70498006850E8050F20F0400094
:107090000190FFE701990498026842E80510002872
:1070A000F0D1FFE7FFE70499202081F8420004981F
:1070B000006B012814D1FFE7FFE7FFE704980068A1
:1070C00050E8030F20F010000090FFE700990498AB
:1070D000026842E803100028F0D1FFE7FFE7FFE76E
:1070E000FFE70499002048630498006B012805D14C
:1070F000FFE70498818DFDF711FD03E00498FEF78A
:1071000065FBFFE706B080BD80B582B001900198B5
:10711000806B00900099012048630098006B012863
:1071200006D1FFE70098818D4908FDF7F7FC03E0E1
:107130000098FEF765FBFFE702B080BD84B00390C6
:10714000FFE7FFE70398006850E8030F20F4907012
:107150000290FFE702990398026842E803100028B2
:10716000F0D1FFE7FFE7FFE7FFE70398006850E88B
:10717000050F20F001000190FFE7019903980268D4
:1071800042E805100028F0D1FFE7FFE70398006B05
:10719000012814D1FFE7FFE7FFE70398006850E8F4
:1071A000030F20F010000090FFE700990398026899
:1071B00042E803100028F0D1FFE7FFE7FFE703995B
:1071C000202081F8420003990020086304B0704732
:1071D00080B582B0019001980168C86820F0400035
:1071E000C8600199202081F841000198FEF70CFB4E
:1071F000002002B080BD000082B00190FFE7FFE7F1
:107200000198006850E8030F20F0C0000090FFE7ED
:1072100000990198026842E803100028F0D1FFE7C6
:10722000FFE70199202081F8410002B0704700007B
:1072300080B584B003900291ADF8062003980068F1
:1072400041F20001C4F20101884215D1FFE7039821
:1072500040F6A001C2F2000108600298C1F80C04D7
:10726000BDF80600A1F804040398B1F8042401F560
:107270000171FDF7F7FB7BE00398006844F20041E1
:10728000C4F20001884215D1FFE7039840F6B041EF
:10729000C2F2000108600298C1F80C04BDF80600B3
:1072A000A1F804040398B1F8042401F50171FDF775
:1072B000D9FB5CE00398006844F60001C4F20001C9
:1072C000884215D1FFE7039841F2C001C2F20001E4
:1072D00008600298C1F80C04BDF80600A1F8040487
:1072E0000398B1F8042401F50171FDF7BBFB3DE003
:1072F0000398006844F60041C4F20001884215D1A9
:10730000FFE7039841F2D041C2F200010860029801
:10731000C1F80C04BDF80600A1F804040398B1F804
:10732000042401F50171FDF79DFB1EE00398006840
:1073300041F20041C4F20101884215D1FFE70398F0
:1073400041F6F041C2F2000108600298C1F80C0455
:10735000BDF80600A1F804040398B1F8042401F56F
:107360000171FDF77FFBFFE7FFE7FFE7FFE7FFE7BF
:1073700004B080BD80B586B00490002003900290D8
:10738000049890F84200222840F0A080FFE704987B
:107390008068B0F5805F13D1FFE70498006978B981
:1073A000FFE70498806A02900498006840686FF3D1
:1073B0005F20029908800499886A0230886223E07D
:1073C0000498806A039004988068B0F5805F08D0C4
:1073D000FFE70498806850B9FFE70498006930B966
:1073E000FFE70498006840680399087007E0049874
:1073F0000068406800F07F0003990870FFE7049977
:10740000886A01308862FFE70499C88D0138C88511
:107410000004002856D1FFE704980168C86820F0EE
:107420002000C86004980168C86820F48070C860B3
:1074300004980168486920F00100486104992020FF
:1074400081F842000499002048630498006B0128E9
:1074500030D1FFE7049900200863FFE7FFE70498B5
:10746000006850E8030F20F010000190FFE7019939
:107470000498026842E803100028F0D1FFE7FFE714
:10748000049800680068C00600280ED5FFE7FFE7F3
:10749000002000900498006800680090049800683C
:1074A000406800900098FFE7FFE70498818DFDF7A2
:1074B00035FB03E00498FEF789F9FFE700208DF81B
:1074C000170007E000208DF8170003E002208DF878
:1074D0001700FFE79DF8170006B080BD80B586B0A5
:1074E000059005980068006920F44050059A1168DD
:1074F000D26810430861059988680B694A69C969AF
:10750000184310430843049005980068C06849F286
:107510000C6188430499084305990968C860059877
:107520000068406920F44070059A11689269104320
:1075300048610598006841F20001C4F201018842E7
:1075400009D0FFE70598006841F20041C4F201014B
:10755000884204D1FFE7FBF737FC039003E0FBF719
:1075600021FC0390FFE70598C069B0F5004F29D1D1
:10757000FFE703981921A0FB0101059A1368029304
:1075800053685A00DB0FF8F787FE0299864648F2E7
:107590001F53C5F2EB13AEFB0320420910014FF05D
:1075A000640C02FB1CEC322202EBCC02A2FB033285
:1075B000F82303EA521300EB4300C2F342121044D3
:1075C000886026E003981921A0FB0101059A136841
:1075D000019353689A009B0FF8F75EFE0199844669
:1075E00048F21F52C5F2EB12ACFB02304309642093
:1075F00003FB10CC322000EB0C10A0FB0202F020A9
:1076000000EA521000EB0310C2F3431210448860EA
:10761000FFE706B080BD000080B58AB008900791F2
:10762000ADF81A20079808998862BDF81A000899E1
:107630008885089900204864089A222182F842101F
:107640000899CA6B47F21501C0F60001D163089989
:10765000CA6B47F20911C0F6000111640899CA6BA0
:1076600046F69971C0F60001D1640899C96B0865A6
:1076700007A8059008980168C06B0431059A126844
:10768000BDF81A30FAF782FD58B1FFE708991020CB
:1076900048640899202081F8420001208DF82700D5
:1076A0004EE0FFE70020049008980068006804900E
:1076B00008980068406804900498FFE708980069FB
:1076C000A0B1FFE7FFE7FFE70898006850E8030F65
:1076D00040F480700390FFE703990898026842E83D
:1076E00003100028F0D1FFE7FFE7FFE7FFE7FFE720
:1076F0000898006850E8050F40F001000290FFE78D
:1077000002990898026842E805100028F0D1FFE7C6
:10771000FFE7FFE7FFE70898006850E8050F40F033
:1077200040000190FFE701990898026842E80510BF
:107730000028F0D1FFE7FFE700208DF82700FFE7E2
:107740009DF827000AB080BD83B002900191ADF88A
:107750000220019802998862BDF80200029988858A
:10776000BDF802000299C885029900204864029978
:10777000222081F842000298006938B1FFE70298A0
:107780000168C86840F48070C860FFE7029801682B
:10779000486940F00100486102980168C86840F0FB
:1077A0002000C860002003B07047000083B0019043
:1077B000019890F8410021283AD1FFE701988068AC
:1077C000B0F5805F13D1FFE70198006978B9FFE752
:1077D0000198006A0090009800886FF35F2001997B
:1077E000096848600199086A0230086208E0019A55
:1077F000106A411C11620078019909684860FFE72E
:107800000199C88C0138C884000468B9FFE7019861
:107810000168C86820F08000C86001980168C868E5
:1078200040F04000C860FFE700208DF80B0003E047
:1078300002208DF80B00FFE79DF80B0003B07047A6
:1078400080B542F23870C2F20000FDF78DFA80BDBB
:1078500080B542F28070C2F20000FDF785FA80BD6B
:1078600080B542F2C870C2F20000FDF77DFA80BD1B
:1078700080B542F65800C2F20000FDF775FA80BDEF
:10788000FFE7FEE780B502F06FFB80BD000000005F
:1078900080B584B042F20110C2F20000007868B3F3
:1078A000FFE740F22000C2F200000390006803F0FE
:1078B000DDF841EC100B9FED5A1B53EC112B51ECF2
:1078C000100B02F0FFFB41EC100B51EC100B02F01F
:1078D000C7FB01460398016090ED000A9FED561A20
:1078E000B4EE410AF1EE10FA07DBFFE742F20111B4
:1078F000C2F2000100200870FFE72AE040F22000F9
:10790000C2F200000290006803F0B0F841EC100BE6
:107910009FED411B53EC112B51EC100B02F0D2FBED
:1079200041EC100B51EC100B02F09AFB014602984F
:10793000016090ED000AB5EE400AF1EE10FA07DCA6
:10794000FFE742F20111C2F2000101200870FFE7D7
:10795000FFE742F20010C2F20000007868B3FFE7D0
:1079600040F21000C2F200000190006803F07EF8BF
:1079700041EC100B9FED2E1B53EC112B51EC100B17
:1079800002F0A0FB41EC100B51EC100B02F068FB75
:1079900001460198016090ED000A9FED291AB4EEAE
:1079A000410AF1EE10FA07DBFFE742F20011C2F2E2
:1079B000000100200870FFE72CE040F21000C2F246
:1079C00000000090006803F051F841EC100B9FEDAF
:1079D000161B53EC112B51EC100B02F073FB41EC16
:1079E000100B51EC100B02F03BFB014600980160BC
:1079F00090ED000A9FED111AB4EE410AF1EE10FA73
:107A000007DCFFE742F20011C2F20001012008701A
:107A1000FFE7FFE704B080BD7B14AE47E17AB4BF57
:107A20007B14AE47E17AB43F7B14AE47E17A94BF52
:107A30007B14AE47E17A943F0000874300008C42FC
:107A40000000B44283B002908DED010ACDED000A32
:107A5000029890ED000A9DED011AB4EE410AF1EE94
:107A600010FA04DAFFE70198029908600FE0029823
:107A700090ED000A9DED001AB4EE410AF1EE10FA05
:107A800004DDFFE7009802990860FFE7FFE703B015
:107A90007047000083B08DED020ACDED010A9DED27
:107AA000020A9DED011A80EE010A9FED091A20EEEF
:107AB000010A9FED081A30EE010A8DED000A9DEDD6
:107AC000000ABDEEC00A10EE100A03B0704700BFF6
:107AD0000000FA440000FA4380B584B00390ADF88A
:107AE0000A10039940F20C10C2F20000009001F05D
:107AF000C7F8009800F0CEFF009800F28C41019189
:107B000081ED000A00F0D0FF0098019981ED010A93
:107B100000F0D4FF019880ED020A04B080BD00009F
:107B200082B00190ADF8021001980078A52837D1F5
:107B3000FFE7019840795A2832D1FFE70198407851
:107B400001282DD1FFE70198828840F20411C2F28A
:107B500000018A800068086040F20A12C2F2000246
:107B60001088013010808878643800EE100AB8EE72
:107B7000C00A9FED0C1A80EE010A40F20C10C2F20E
:107B8000000000F28C4080ED000AC978643900EEF4
:107B9000101AB8EEC00A80EE010A80ED010AFFE774
:107BA00002B070470000484280B58AB042F6A1009A
:107BB000C2F2000001780131017042F6A002C2F267
:107BC00000021178013111700078322830D1FFE7BE
:107BD00040F20C10C2F20000099000F2445001F093
:107BE000FFF8099A02F5966010EE101AC2F83110EB
:107BF00001F0F6F8099810EE101AC0F8391000F5E7
:107C0000BB6001F0EDF8099810EE101A81F0004108
:107C1000C0F8351000F26C6001F0E2F8099810EE3F
:107C2000101A81F00041C0F83D1001F033F8FFE771
:107C300042F6A400C2F20000007870B9FFE742F6F5
:107C4000A201C2F2000108880130088040F2000160
:107C5000C2F200015A200870FFE742F6A200C2F209
:107C600000000088B0F5FA6F07DBFFE742F6A401D9
:107C7000C2F2000101200870FFE742F61000C2F2D4
:107C80000000406CB0B1FFE742F61000C2F2000005
:107C90000890FCF7FFFF0A20FAF7DAFA089841F299
:107CA000D041C2F20001B1F8042401F50171FCF7E2
:107CB000D9FEFFE740F20C10C2F2000000F0D2FE45
:107CC000012840F0AF80FFE740F20C10C2F2000044
:107CD00000F0C0FE012866D1FFE740F20C10C2F2AE
:107CE0000000059000F07EFF059840F20801C2F206
:107CF000000191ED002A40F21401C2F2000103914B
:107D000091ED001A20EE020A30EE010A81ED000A20
:107D100000F05CFF40F20C00C2F2000090ED002A7F
:107D200040F22400C2F20000049090ED001A20EE10
:107D3000020A30EE010A80ED000A9FED690ADFEDCC
:107D4000690AFFF77FFE03989FED670ADFED670A78
:107D5000FFF778FE0399059891ED000A70300690C0
:107D600000F020FD0499059891ED000A5430079029
:107D700000F018FD079800F01FFD069800F01CFDAC
:107D8000069800F055FE079840F21001C2F200017B
:107D900081ED000A00F04CFE40F22000C2F200002B
:107DA00080ED000A3DE040F20C10C2F2000000F04D
:107DB00061FE01281DD1FFE740F20C10C2F2000065
:107DC0000290703000F034FE029840F21001C2F2CE
:107DD000000181ED000A81ED000A543000F028FE18
:107DE00040F22000C2F2000080ED000A80ED000A9F
:107DF00016E040F22000C2F20000006840F22401C8
:107E0000C2F20001086040F21000C2F200000068F7
:107E100040F21401C2F200010860FFF739FDFFE7EC
:107E2000FFE716E040F22000C2F20000006840F2D6
:107E30002401C2F20001086040F21000C2F200000A
:107E4000006840F21401C2F200010860FFF720FD53
:107E5000FFE740F20C10C2F2000000F013FE50B138
:107E6000FFE740F20040C4F202004FF4004101225B
:107E7000FAF7ECFB09E040F20040C4F202004FF4D4
:107E800000410022FAF7E2FBFFE742F6A100C2F24E
:107E900000000078322807D1FFE742F6A101C2F2C4
:107EA000000100200870FFE742F6A000C2F20000C7
:107EB00000780A2807D1FFE742F6A001C2F20001CC
:107EC00000200870FFE740F20C10C2F200000190A1
:107ED00000F016FC01988C3000F046FB0AB080BD23
:107EE000000000000000874300008C420000B44204
:107EF00080B58EB00D908DF833100B920A939DF8DB
:107F00003300C0080590002006909DF833008007DC
:107F1000002818D5FFE7012007900B98C0F34F30D9
:107F200000900B98C0009DF8331001F0030140EA67
:107F3000410001900A98C0F34F3002900A98C000A7
:107F40000630039011E00020079000900B99490142
:107F50009DF8332002F0020241EA021101910290E1
:107F60000A98400110300390FFE79DF83300C0F3FA
:107F7000800004900E200990012008900D98694619
:107F8000F9F71CF808B1FFE7FFE70EB080BD00006D
:107F900082B001900198806820B9FFE701980068DD
:107FA0000090FFE702B0704780B582B00190ADF855
:107FB00002100198006842F20001C4F201018842F7
:107FC0000DD1FFE7019840F28801C2F2000141F8AB
:107FD000040B0198BDF80220F8F79CFE2DE00198F3
:107FE000006842F20011C4F2010188420DD1FFE79E
:107FF000019840F29401C2F2000141F8040B01988B
:10800000BDF80220F8F786FE16E00198006842F2FB
:108010000021C4F2010188420DD1FFE7019840F22E
:10802000A001C2F2000141F8040B0198BDF8022042
:10803000F8F770FEFFE7FFE7FFE702B080BD000042
:1080400080B586B0059004910598006846F200411D
:10805000C4F20001884216D1FFE7059840F2AC0156
:10806000C2F2000108600498886205980023039317
:1080700019461A46FFF73CFF039B05980C211A4648
:10808000FFF736FF20E00598006846F60001C4F2CD
:108090000001884217D1FFE7059840F2D801C2F2EB
:1080A00000010860049888620598702101910023FE
:1080B00002931A46FFF71CFF0199029B05981A4686
:1080C000FFF716FFFFE7FFE70598F9F71DFD059895
:1080D0000221F8F749FF05981021F8F745FF06B08F
:1080E00080BD000082B08DED010A9DED010AB5EE64
:1080F000400AF1EE10FA05DDFFE79DED010A8DED76
:10810000000A06E09DED010AB1EE400A8DED000A7D
:10811000FFE79DED000A02B07047000080B584B013
:1081200003900398019000208DF80B00FFE79DF865
:108130000B00072820DCFFE700208DF80A00FFE78E
:108140009DF80A007F2810DCFFE701989DF80A10CF
:1081500000EBC1019DF80B2000208854FFE79DF83B
:108160000A0001308DF80A00EAE7FFE79DF80B00EE
:1081700001308DF80B00DAE7019800F0AFF904B098
:1081800080BD000080B582B001908DF803108DF89D
:1081900002209DF8020050B1FFE740F60040C4F213
:1081A00002004FF400610122FAF750FA09E040F6AC
:1081B0000040C4F202004FF400610022FAF746FAD0
:1081C000FFE700208DF80100FFE79DF80100072878
:1081D00038DCFFE740F60040C4F202004FF4804173
:1081E0000022FAF733FA9DF80300000600280AD5AA
:1081F000FFE740F60040C4F202004FF400510122B4
:10820000FAF724FA09E040F60040C4F202004FF405
:1082100000510022FAF71AFAFFE740F60040C4F2D4
:1082200002004FF480410122FAF710FA9DF8030092
:1082300040008DF80300FFE79DF8010001308DF844
:108240000100C2E740F60040C4F202004FF40061B2
:108250000122FAF7FBF902B080BD000010B586B02C
:108260008C46864609980899CDF814E08DF813C01D
:108270008DF812208DF811308DF810108DF80F0048
:10828000059801909DF812008DF80B009DF81100E3
:1082900020388DF8110000208DF80D00FFE79DF8C3
:1082A0000D009DF81010884275DAFFE79DF8100068
:1082B0000C2810D1FFE79DF8110000EB40014AF6B1
:1082C0009250C0F6000000EB81009DF80D10405C5C
:1082D0008DF80E000DE09DF811104BF20620C0F64F
:1082E000000000EB01109DF80D10405C8DF80E00B1
:1082F000FFE700208DF80C00FFE79DF80C00072831
:1083000042DCFFE79DF80E00000600280AD5FFE7D3
:1083100001989DF813109DF812209DF80F3000F081
:108320003DF80CE001989DF813109DF812209DF87F
:108330000F30B3FA83F35B0900F030F8FFE79DF8E4
:108340000E0040008DF80E009DF8120001308DF8EF
:1083500012009DF812009DF80B10401A9DF81010A5
:1083600088420AD1FFE79DF80B008DF812009DF8B6
:10837000130001308DF8130006E0FFE79DF80C00B4
:1083800001308DF80C00B8E7FFE79DF80D000130D3
:108390008DF80D0083E706B010BD000084B0039097
:1083A0008DF80B108DF80A208DF809300398009095
:1083B00000208DF806009DF80B007F2805DCFFE704
:1083C0009DF80A00402801DBFFE732E09DF80A1023
:1083D0000720A0EBD1008DF808009DF80A0000F0FE
:1083E00007008DF807009DF80700C0F10701012084
:1083F00088408DF806009DF8090068B1FFE70098F5
:108400009DF806309DF80B1000EBC1019DF8082087
:10841000885C184388540CE000989DF806309DF85D
:108420000B1000EBC1019DF80820885C984388542C
:10843000FFE704B07047000080B588B007908DF862
:108440001B108DF81A200593079803907A208DF859
:1084500013003A208DF81200FFE705980078D8B392
:10846000FFE79DF81B009DF81310884209DDFFE728
:1084700000208DF81B009DF81A0010308DF81A00AE
:10848000FFE79DF81A009DF81210884209DDFFE70A
:10849000039800218DF81B108DF81A10FFF73EFE8F
:1084A000FFE703989DF81B109DF81A20059B1B7889
:1084B000EE464FF0010CCEF804C04FF00C0CCEF895
:1084C00000C0FFF7CBFE9DF81B0008308DF81B00A5
:1084D000059801300590C0E708B080BD80B584B034
:1084E00003900398019000208DF80B00FFE79DF8A2
:1084F0000B00072835DCFFE701989DF80B10B03121
:10850000C9B200220092FFF73DFE0198009A114681
:10851000FFF738FE0198009A1021FFF733FE00980C
:108520008DF80A00FFE79DF80A007F2812DCFFE7BC
:1085300001989DF80A1000EBC1019DF80B20895CA1
:108540000122FFF71FFEFFE79DF80A0001308DF8BA
:108550000A00E8E7FFE79DF80B0001308DF80B00FB
:10856000C5E704B080BD000080B584B003900398D7
:10857000029042F20210C2F2000001780131017053
:10858000007865281DDBFFE702984BF2F673C0F612
:108590000003002201921146FFF74EFF0298019955
:1085A0004BF2FE73C0F600030A22FFF745FF029864
:1085B000FFF794FF019842F20211C2F20001087025
:1085C000FFE704B080BD000080B586B00590059837
:1085D000049040F60040C4F2020001904FF4805134
:1085E000029100220392FAF731F86420F9F730FE85
:1085F000019802990122FAF729F8039A0498AE210A
:10860000FFF7C0FD039A0498D521FFF7BBFD039A3D
:1086100004985021FFF7B6FD039A0498A821FFF7AC
:10862000B1FD039A04983F21FFF7ACFD039A04982B
:10863000D321FFF7A7FD039A04981146FFF7A2FD87
:10864000039A04984021FFF79DFD039A04988D2119
:10865000FFF798FD039A04981421FFF793FD039AFE
:1086600004982021FFF78EFD039A04980221FFF75A
:1086700089FD039A0498A121FFF784FD039A0498C9
:10868000C021FFF77FFD039A0498DA21FFF77AFDF6
:10869000039A04981221FFF775FD039A049881212B
:1086A000FFF770FD039A0498EF21FFF76BFD039A23
:1086B0000498D921FFF766FD039A0498F121FFF78A
:1086C00061FD039A0498DB21FFF75CFD039A04988F
:1086D0003021FFF757FD039A0498A421FFF752FDBC
:1086E000039A0498A621FFF74DFD039A0498AF2141
:1086F000FFF748FD0498FFF711FD06B080BD0000AC
:1087000080B582B00190019800F28C4001F01AF817
:1087100002B080BD80B584B003900398019000F250
:108720008C40F1EE000AB2EE001AB0EE600A01F0E1
:10873000DDF8019842F61001C2F2000100F0C2FA21
:1087400001988C30FFF740FF01985430DFED080AA4
:10875000CDED020AB0EE600A00F058F90198DDEDA7
:10876000020A7030B0EE600A00F050F904B080BD2B
:10877000CDCC4C3E80B582B001900198009000F0C5
:108780000DFB0098543000F05BF90098703000F059
:1087900057F9009800F28C4001F088F9009802B077
:1087A00080BD000082B001908DED000A0199009813
:1087B000886102B07047000080B582B001900198D6
:1087C000009090ED040AB5EE400AF1EE10FA5ADD81
:1087D000FFE7009890ED041A90ED060AB4EE410A06
:1087E000F1EE10FA21DDFFE7009890ED040A90ED1C
:1087F000061A30EE410AFFF775FC009890ED001A5A
:10880000B4EE410AF1EE10FA0ADDFFE7009890EDB0
:10881000001A90ED050A30EE010A80ED050A03E02A
:10882000009988694861FFE72CE0009890ED041AF0
:1088300090ED060AB4EE410AF1EE10FA21DAFFE7F4
:10884000009890ED040A90ED061A30EE410AFFF709
:1088500049FC009890ED011AB4EE410AF1EE10FACD
:108860000ADDFFE7009890ED011A90ED050A30EE61
:10887000410A80ED050A03E0009988694861FFE735
:10888000FFE7FFE7BDE0009890ED040AB5EE400A6F
:10889000F1EE10FA5ADAFFE7009890ED041A90ED25
:1088A000060AB4EE410AF1EE10FA21DAFFE7009869
:1088B00090ED040A90ED061A30EE410AFFF712FC23
:1088C000009890ED001AB4EE410AF1EE10FA0ADDBC
:1088D000FFE7009890ED001A90ED050A30EE410A8E
:1088E00080ED050A03E0009988694861FFE72CE004
:1088F000009890ED041A90ED060AB4EE410AF1EEEC
:1089000010FA21DDFFE7009890ED040A90ED061AB9
:1089100030EE410AFFF7E6FB009890ED011AB4EE45
:10892000410AF1EE10FA0ADDFFE7009890ED011A16
:1089300090ED050A30EE010A80ED050A03E000998A
:1089400088694861FFE7FFE7FFE759E0009890ED8D
:10895000041A90ED060AB4EE410AF1EE10FA21DD98
:10896000FFE7009890ED040A90ED061A30EE410AF8
:10897000FFF7B8FB009890ED001AB4EE410AF1EE53
:1089800010FA0ADDFFE7009890ED001A90ED050A55
:1089900030EE010A80ED050A03E00099886948611C
:1089A000FFE72CE0009890ED041A90ED060AB4EE73
:1089B000410AF1EE10FA21DAFFE7009890ED040A7F
:1089C00090ED061A30EE410AFFF78CFB009890ED0F
:1089D000001AB4EE410AF1EE10FA0ADDFFE7009842
:1089E00090ED001A90ED050A30EE410A80ED050A7F
:1089F00003E0009988694861FFE7FFE7FFE7FFE7C9
:108A0000FFE700994869086102B080BD83B0029019
:108A10008DED010ACDED000A029901988860009859
:108A2000C86088680860C868486003B07047000084
:108A300081B00090009890ED050A01B070470000E9
:108A400081B000900098002101614161816101B015
:108A50007047000081B000900098407D00F0010058
:108A600001B0704781B000900098407D00F0020096
:108A700001B0704781B000900098407D00F0040084
:108A800001B0704781B000900098407D00F0020076
:108A900001B0704781B000900098D0F8010000EE5E
:108AA000100A01B07047000081B000900098D0F823
:108AB000050000EE100A01B07047000081B0009080
:108AC0000098D0F8090000EE100A01B070470000CD
:108AD00085B0039002910192ADF80230029828B956
:108AE000FFE74FF6FF70ADF8120021E0FFE70198B5
:108AF000411E0191B8B1FFE70298411C0291007834
:108B00008DF80100BDF802109DF801004840C2B286
:108B10004AF69230C0F6000030F8120080EA1120C8
:108B2000ADF80200E3E7BDF80200ADF81200FFE780
:108B3000BDF8120005B0704710B584B003900398DB
:108B40000190026D02F50171B2F8042400F056F8AC
:108B5000D0B3FFE701990C6DD4F80402D4F80822D1
:108B6000D4F80C32D4F810C2D4F814E2D4F8184275
:108B70004C61C1F810E0C1F80CC08B604A6008601D
:108B8000086D00F5017002900298D0F80100C1F85C
:108B900001000298D0F80500C1F805000298D0F84D
:108BA0000900C1F809000298D0F80D00C1F80D00C5
:108BB0000298D0F81100C1F811000298407D487564
:108BC000486C01304864FFE704B010BD81B00090EC
:108BD0000098D0F80D0000EE100AB8EEC00A01B0FF
:108BE0007047000081B000900098D0F8110000EEAE
:108BF000100AB8EEC00A01B07047000080B588B016
:108C0000069005910492069802900020ADF80E009F
:108C1000059820B1FFE70498022804D8FFE7002058
:108C20008DF81F0028E002980599049A023A4FF641
:108C3000FF73FFF74DFFADF80E009DF80E10059A7B
:108C40000498104410F8022C0020914201900DD19C
:108C5000FFE79DF80F00059A0499114411F8011CD3
:108C6000401AB0FA80F040090190FFE7019800F047
:108C700001008DF81F00FFE79DF81F0008B080BDC0
:108C800080B582B0019000910198FFF755FF02B0C6
:108C900080BD000082B0019001990091486C896C00
:108CA000884205D1FFE70099002081F84C0004E0DC
:108CB0000099012081F84C00FFE70099486C886416
:108CC00002B0704783B00290019102980090019821
:108CD000006841F20001C4F20101884207D1FFE7B8
:108CE000009940F6A000C2F20000086554E0019827
:108CF000006844F20041C4F20001884207D1FFE756
:108D0000009940F6B040C2F20000086543E00198C7
:108D1000006844F60001C4F20001884207D1FFE771
:108D2000009941F2C000C2F20000086532E00198EB
:108D3000006844F60041C4F20001884207D1FFE711
:108D4000009941F2D040C2F20000086521E001988C
:108D5000006845F20001C4F20001884207D1FFE734
:108D6000009941F6E000C2F20000086510E00198A9
:108D7000006841F20041C4F20101884207D1FFE7D7
:108D8000009941F6F040C2F200000865FFE7FFE7F6
:108D9000FFE7FFE7FFE7FFE703B0704780B582B06A
:108DA00001900198009000F05DF90098183000F0F3
:108DB00059F90098303000F007F80098002141641C
:108DC000816402B080BD000081B0009000985A21FB
:108DD00001704FF6FF71A0F8111001B0704700004C
:108DE00081B00090009890ED220A01B07047000019
:108DF00083B0029002990091486D0068406A8866CD
:108E0000886ECA6E801A4867886EC866486FB1F867
:108E10005810B0EB510F07DDFFE70099486FB1F82C
:108E20005820801A486712E00099486FB1F858102E
:108E30004A42C1EBD271B0EB610F07DAFFE700994C
:108E4000486FB1F8582010444867FFE7FFE70098E3
:108E5000016F426F11440167C16D006F88420BDDE5
:108E6000FFE70099CA6D086F801A0867B1F87800AB
:108E70000130A1F8780011E00098006FB0F1FF3FD9
:108E80000BDCFFE70099CA6D086F10440867B1F862
:108E900078000138A1F87800FFE7FFE7009890ED2F
:108EA000171A90ED1C0AB8EEC00AB8EEC11A80EE8F
:108EB000010A9FED291A20EE010A80ED1F0A90EDAC
:108EC0001F0A90ED201A30EE410A8DED010A9DED4A
:108ED000010A9FED221AB4EE410AF1EE10FA09DD03
:108EE000FFE79DED010A9FED1F1A30EE010A8DED9F
:108EF000010A13E09DED010A9FED191AB4EE410A33
:108F0000F1EE10FA09DAFFE79DED010A9FED121A62
:108F100030EE010A8DED010AFFE7FFE700989DEDB5
:108F2000010A9FED111A80EE010A80ED210AC16F3E
:108F3000C0F8801090ED191A90ED210A9FED0B2AD0
:108F400020EE020A20EE010AB0EE001A80EE010ABD
:108F500080ED220A03B070470000B44300003443A0
:108F6000000034C30000B4C36F12033B35FA8E3CDB
:108F700081B000900098B0F9900001B070470000F7
:108F800082B00190ADF802100199BDF80200A1F87D
:108F9000900002B07047000082B001908DED000A91
:108FA00001990098C1F88C0002B0704780B582B07A
:108FB000019001980090FFF71BFF009890ED230AA5
:108FC00000F0A0FD009890ED220A00F03FFF00980D
:108FD00000F0A2FD009800F031FF0099BDEEC00A3C
:108FE00010EE100AA1F8900002B080BD80B588B0E4
:108FF00007900691ADF8162004938DED030ACDED90
:10900000020A07980090069800210191FAF7B4FF30
:1090100006980421FAF7B0FF00990198069A4A656C
:10902000049AA1F85820BDF81620CA65039A0A666A
:10903000029A4A668866C86648670867A1F8780099
:10904000C86708B080BD000080B582B0019001986B
:10905000009000F005FF00984FF48051C16502B008
:1090600080BD000081B000900098A52101704FF6EE
:10907000FF71C18201B0704780B5E6B06590659818
:109080005A9090F8940201465B9128B1FFE75B98F3
:109090000138032816D34BE300206490FFE764985F
:1090A00003280EDCFFE75A9A6498942100FB012004
:1090B00024300021FFF764FFFFE7649801306490DB
:1090C000EDE735E35A9890ED9D0AB5EE400AF1EED2
:1090D00010FA08D0FFE75A98D0ED9D0AB1EE600A69
:1090E000FEF7B0FCFFE75A9890ED9E0AB5EE400AF5
:1090F000F1EE10FA09D0FFE75A99081DD1ED9E0A4A
:10910000B1EE600AFEF79EFCFFE75A9890ED9F0AC9
:10911000B5EE400AF1EE10FA12D007E000BF00BF32
:109120000000000000000040AE47E13D5A9901F107
:109130000800D1ED9F0AB1EE600AFEF783FCFFE75D
:109140000220529000F0A4FE51EC100B1FED0C0B0E
:1091500053EC102B5793569201F05CF802465A9844
:1091600001920A46019942EC101B8DED060B006836
:1091700001F07CFC0246529802920A46029942ECA7
:10918000101B8DED080B00F083FE569A579B51EC97
:10919000100B01F03FF802465A9803920A460399D1
:1091A00042EC101B8DED040B406801F05FFC9DED5F
:1091B000041B41EC100B51EC110B53EC102B01F084
:1091C0009DF99DED061B9DED080B41EC120B8DEDFD
:1091D0000A2B51EC110B53EC102B01F08FF99DED84
:1091E0000A0B41EC110B51EC110B53EC102B00F05E
:1091F00069FF02465A980D920A460D9942EC101BDF
:109200008DED0E0B90ED020A1FED391A8DED3C1A13
:1092100020EE010A10EE100A01F028FC9DED0E1B55
:1092200041EC100B51EC110B53EC102B01F030FB07
:1092300041EC100B51EC100B00F012FF014652985C
:10924000639100F025FE569A579B51EC100B00F0ED
:10925000E1FF02465A9811920A46119942EC101BFE
:109260008DED160B006801F001FC02465298129237
:109270000A46129942EC101B8DED180B00F008FE07
:10928000569A579B51EC100B00F0C4FF02465A98B7
:1092900013920A46139942EC101B8DED140B406893
:1092A00001F0E4FB9DED141B41EC100B51EC110B94
:1092B00053EC102B01F022F99DED161B9DED180BC0
:1092C00041EC120B8DED1A2B51EC110B53EC102BC2
:1092D00001F014F99DED1A0B41EC110B51EC110B3F
:1092E00053EC102B01F0D4FA9DED3C1A02465A982B
:1092F0001D920A461D9942EC101B8DED1E0B90ED40
:10930000020A20EE010A10EE100A01F0AFFB9DEDFB
:109310001E1B41EC100B51EC110B53EC102B01F008
:10932000B7FA41EC100B51EC100B00F099FE01461E
:109330005298629100F0ACFD569A579B8DED5C0BF4
:109340009DF8770180F080008DF877015C985D9939
:1093500000F060FF02465A9821920A46219942EC99
:10936000101B8DED260B006801F080FB0246529821
:1093700022920A46229942EC101B8DED280B00F038
:1093800087FD569A579B51EC100B00F043FF0246A5
:109390005A9823920A46239942EC101B8DED240B18
:1093A000406801F063FB9DED241B41EC100B51EC78
:1093B000110B53EC102B01F0A1F89DED261B9DED38
:1093C000280B41EC120B8DED2A2B51EC110B53ECB9
:1093D000102B01F093F89DED2A0B53EC102B41EC70
:1093E000100B51EC100B01F053FA9DED3C1A0246A4
:1093F0005A982D920A462D9942EC101B8DED2E0B9A
:1094000090ED020A20EE010A10EE100A01F02EFB88
:109410009DED2E1B41EC100B51EC110B53EC102B5E
:1094200001F036FA41EC100B51EC100B00F018FE75
:1094300001465298619100F02BFD569A579B51ECD2
:10944000100B00F0E7FE02465A9831920A46319915
:1094500042EC101B8DED360B006801F007FB024655
:10946000529832920A46329942EC101B8DED380B1D
:1094700000F00EFD569A579B51EC100B00F0CAFEFF
:1094800002465A9833920A46339942EC101B8DEDEE
:10949000340B406801F0EAFA9DED341B41EC100BEF
:1094A00051EC110B53EC102B01F028F89DED361BFD
:1094B0009DED380B41EC120B8DED3A2B51EC110B5D
:1094C00053EC102B01F01AF89DED3A0B41EC110B07
:1094D00053EC112B51EC100B01F0DAF99DED3C1A15
:1094E00002465A983D920A463D9942EC101B8DED7A
:1094F0003E0B90ED020A20EE010A10EE100A01F078
:10950000B5FA9DED3E1B41EC100B51EC110B53ECE9
:10951000102B01F0BDF941EC100B51EC100B00F0D9
:109520009FFD01465A98609124304B909DED630A4F
:10953000FFF732FD5A98B8304C909DED620AFFF764
:109540002BFD5A9800F5A6704D909DED610AFFF72E
:1095500023FD5A9800F5F0704F909DED600AFFF7DB
:109560001BFD4B98FFF73CFC4C988DED410AFFF733
:1095700037FC4D98B0EE401A9DED410A30EE010ADD
:109580008DED420AFFF72CFC4F98B0EE401A9DED8E
:10959000420A30EE010A8DED430AFFF721FC4B9899
:1095A0005A99B0EE401A9DED430A30EE010A9FED44
:1095B000641A80EE010A81ED050AFFF711FC4C9850
:1095C0008DED440AFFF70CFC9DED441A4D9830EEEA
:1095D000410A8DED450AFFF703FC9DED451A4F98B2
:1095E00030EE010A8DED460AFFF7FAFBB0EE401AA5
:1095F0009DED460A30EE410A10EE100A01F036FAEF
:109600000246529847920A46479942EC101B8DED4C
:10961000480B00F03DFC51EC100B9FED470B53EC59
:10962000102B5593549200F069FF569A579B41ECCA
:10963000100B51EC100B00F0EDFD9DED481B41ECC3
:10964000100B51EC110B53EC102B00F0E3FD41EC2F
:10965000100B51EC100B00F003FD5A9A01464B9889
:10966000D160FFF7BDFB4C988DED4E0AFFF7B8FBBC
:109670004D98B0EE401A9DED4E0A30EE010A8DED88
:10968000500AFFF7ADFB4F98B0EE401A9DED500A1F
:1096900030EE410A8DED510AFFF7A2FBB0EE401A01
:1096A0009DED510A30EE410A10EE100A01F0DEF98C
:1096B0000246529853920A46539942EC101B8DED84
:1096C000580B00F0E5FB549A559B51EC100B00F041
:1096D00015FF569A579B41EC100B51EC100B00F004
:1096E00099FD9DED581B41EC100B51EC110B53EC07
:1096F000102B00F08FFD41EC100B51EC100B00F023
:10970000AFFC5A99086100205F90FFE75F9803283B
:109710000DDCFFE75A9A5F98942100FB012024306A
:10972000FFF744FCFFE75F9801305F90EEE7FFE74B
:1097300066B080BD00BF00BF000000000000104008
:10974000AE47E1BE80B584B0039003980090FFF768
:1097500093FC009890ED030A90ED071A9FED622AA2
:1097600020EE020A30EE010A80ED070A90ED040AAD
:1097700090ED081A20EE020A30EE010A80ED080A88
:1097800000200290FFE70298032800F3AA80FFE779
:10979000009A0298942100FB01202430FFF7E8FB97
:1097A000ADF80600029840BBFFE7BDF90600B0F136
:1097B000FF3F11DCFFE7BDF90600404242F2B04135
:1097C000C2F200010968486342F2F840C2F20000A8
:1097D0000168002048630FE042F2B040C2F200008E
:1097E000016800204863BDF9060042F2F841C2F268
:1097F000000109684863FFE76EE00298012820D164
:10980000FFE7BDF90600B0F1FF3F0DDCFFE742F2D4
:10981000F061C2F200010A6800205063BDF9060041
:109820004042096888630BE0BDF9061042F2F0601F
:10983000C2F2000002685163016800208863FFE7FC
:1098400049E00298022820D1FFE7BDF90600B0F1F7
:10985000FF3F0DDCFFE7BDF90600414242F26840E0
:10986000C2F20000026891630168002048630BE0C7
:1098700042F26841C2F200010A6800209063BDF91B
:10988000060009684863FFE724E00298032820D116
:10989000FFE7BDF90600B0F1FF3F0DDCFFE742F244
:1098A0006841C2F200010A6800201064BDF9060098
:1098B00040420968C8630BE0BDF9061042F26840F7
:1098C000C2F200000268116401680020C863FFE76B
:1098D000FFE7FFE7FFE7FFE7FFE7029801300290AD
:1098E00051E704B080BD00BF6F12833A80B596B0D7
:1098F00015908DED140ACDED130A8DED121A159801
:1099000001901499C0F874121399C0F87812129942
:10991000C0F87C122430069042F24051C2F200019D
:1099200049F6C47202924FF6FF7303939FED580AF3
:109930008DED040ADFED570ACDED050AFFF756FB62
:109940000198029A039B9DED040ADDED050AB830EB
:10995000079042F28851C2F20001FFF747FB0198DD
:10996000029A039B9DED040ADDED050A00F5A67041
:10997000089042F2D051C2F20001FFF737FB019884
:10998000029A039B9DED040ADDED050A00F5F070D7
:10999000099042F21861C2F20001FFF727FB069816
:1099A0009FED3D0A8DED0A0AF2EE040ACDED0B0A99
:1099B000B1EE041A8DED0C1A9FED382A8DED0D2AAB
:1099C000DFED372ACDED0E2ADFED364ACDED0F4A19
:1099D0009FED355A8DED105A00211191F0EE451A88
:1099E000B0EE453AF0EE453AB0EE454A00F0ECF9FB
:1099F00007989DED0A0ADDED0B0A9DED0C1A9DED11
:109A00000D2ADDED0E2ADDED0F4A9DED105A11995C
:109A1000F0EE451AB0EE453AF0EE453AB0EE454A62
:109A200000F0D2F908989DED0A0ADDED0B0A9DEDD4
:109A30000C1A9DED0D2ADDED0E2ADDED0F4A9DED90
:109A4000105A1199F0EE451AB0EE453AF0EE453A4B
:109A5000B0EE454A00F0B8F909989DED0A0ADDED2F
:109A60000B0A9DED0C1A9DED0D2ADDED0E2ADDEDA4
:109A70000F4A9DED105A1199F0EE451AB0EE453A95
:109A8000F0EE453AB0EE454A00F09EF916B080BDC2
:109A90000000A2419A99993D00E6AA480000FA44C4
:109AA000003E83466F12833A0000000080B586B006
:109AB0000490049901910591002008604860886035
:109AC000C8600861486101F1240001F51D7102912F
:109AD0000390FFE703980090FFF7B6FA0098029A08
:109AE00000F19401084691420390F3D1FFE70199F8
:109AF0004FF08140C1F88002012081F8940205985E
:109B000006B080BD82B001908DED000A01990098E9
:109B1000886402B07047000080B58AB00990099847
:109B200001900021089107910691059190ED120A8C
:109B300090ED131A30EE410A8DED040A9DED040AF2
:109B4000FEF7D0FA01988DED030A9DED030A90ED22
:109B5000011AB4EE410AF1EE10FA07DAFFE70199B3
:109B6000C86C8864002004900390FFE7019890ED92
:109B7000090A9DED041A20EE010A8DED080A90ED08
:109B80000F0AB5EE400AF1EE10FA0DD1FFE7019889
:109B900090ED100AB5EE400AF1EE10FA04D1FFE79D
:109BA0004FF07E50029044E001989DED030A90ED45
:109BB0000F1AB4EE410AF1EE10FA04DCFFE74FF0A1
:109BC0007E50029026E0019890ED0F0A9DED031A59
:109BD000B4EE410AF1EE10FA1BDAFFE701989DEDB1
:109BE000030A90ED101AB4EE410AF1EE10FA10DA01
:109BF000FFE7019890ED0F2A90ED101A9DED030AF2
:109C000031EE400A31EE421A80EE010A8DED020A71
:109C1000FFE7FFE701989DED030A90ED101AB4EEFF
:109C2000410AF1EE10FA03DBFFE700200290FFE7A4
:109C3000FFE7019890ED0D0AB5EE400AF1EE10FA3B
:109C400010D0FFE7019901F1500091ED0A2A91ED42
:109C50000D1AB1EE410A80EE020AC1EE020AFDF7CA
:109C6000F1FEFFE7019890ED110AB5EE400AF1EE22
:109C700010FA1AD1FFE701989DED020A90ED002A33
:109C800090ED141A20EE020A9DED042A20EE020A3D
:109C900030EE010A80ED140A90ED0A0A90ED141AD4
:109CA00020EE010A8DED070A2AE001989DED030AD6
:109CB00090ED111AB4EE410AF1EE10FA1ADAFFE74C
:109CC00001989DED020A90ED002A90ED141A20EE05
:109CD000020A9DED042A20EE020A30EE010A80ED10
:109CE000140A90ED0A0A90ED141A20EE010A8DED87
:109CF000070A04E00199002008650790FFE7FFE7E5
:109D0000019807990162007A90B9FFE7019890EDF8
:109D1000001A90ED063A90ED0B0A9DED042A32EE02
:109D2000432A20EE020A80EE010A8DED060A11E0B8
:109D3000019890ED001A90ED053A90ED072A90ED0C
:109D40000B0A32EE432A20EE020A80EE010A8DED64
:109D5000060AFFE7019890ED042A90ED0C1A90EDA9
:109D6000120A30EE420A20EE010A8DED050A9DED41
:109D7000080A9DED071A30EE010A9DED061A30EE35
:109D8000010A9DED051A30EE010A80ED070A90EDFB
:109D90000E0AB5EE400AF1EE10FA0AD0FFE701997B
:109DA00001F11C00D1ED0E0AB1EE600AFDF74AFE8A
:109DB000FFE70199C86CC860886C0861C869486190
:109DC000049888610AB080BD8EB002AA0092024653
:109DD00000980D9280ED0A0AC0ED090A80ED081A7C
:109DE000C0ED071A80ED062AC0ED052A80ED043A81
:109DF000C0ED033A80ED024AC0ED014A80ED005A01
:109E00008DF807100D990C9848620B9888620A9893
:109E1000C86209980863089848630798886303989C
:109E20000860029848600698C8630598086404981A
:109E300048649DF8070008720EB0704781B000902A
:109E4000009890ED070A01B07047000082B00190C1
:109E50008DED000A01990098C86402B070470000B7
:109E600081B0009000980021C16001614161816171
:109E7000C161016241628162C162016341638163C8
:109E8000C163016441648164C164016501B07047CC
:109E900080B582B00190019800F018FB41EC100BE6
:109EA00000F0A0F802B080BD81B08DF803009DF9EC
:109EB000030000280ED4FFE79DF9031001F01F02F4
:109EC000012090404A094EF20011CEF2000141F803
:109ED0002200FFE701B070474EF60C50CEF20000B2
:109EE0000068C0F30220704782B08DF8070000912F
:109EF0009DF9070000280AD4FFE7009800019DF9AA
:109F000007104EF20042CEF2000288540BE0009897
:109F100000019DF8071001F00F014EF61452CEF229
:109F200000028854FFE702B07047000083B002903F
:109F3000029800F0070000904EF60C51CEF200019E
:109F40000868019001984FF6FF02104001900198B7
:109F5000009A40EA02200022C0F2FA521043019017
:109F60000198086003B0704780B540F20C10C2F24F
:109F70000000FEF7FFFB80BD80B582B0002001909D
:109F8000F8F72CFDFCF784FAFBF712FDFBF7AAFCAF
:109F9000FBF786FEFBF73AFFFBF776FFFBF7B4FF14
:109FA000FBF7F2FFFBF776FCFCF7C6F9FCF7FCF8D1
:109FB000FBF7E6FDFBF72CFEFCF77EF9FCF752F809
:109FC000FBF7BAFDFCF7D8F9FCF71EF8FCF754F9DB
:109FD000FCF792F9FBF71EFCFCF700FFFFE7FCF72C
:109FE00085FFFCE700B52DED048BB0EE409AF0EE56
:109FF000609A83B051EC190B00F07EFB41EC180B1A
:10A0000018EE100A18EE901A8DED008B002818BF7C
:10A010000120084320F00040C0F17F6000F1E040E3
:10A02000C00F14D019EE101A19EE900A8DED009B96
:10A03000002918BF0121084320F00040C0F17F60D3
:10A0400000F1E040C00F04BF0120F6F7E2F9B0EEE6
:10A05000480A03B0F0EE680ABDEC048B00BD0000B6
:10A0600021F0004201F00043A2F16052B2F5801FDE
:10A0700028BFD2F17F6C0BD95FEA001C43EAC20211
:10A0800042EB507018BF704728BF20F001007047A6
:10A09000B2F5801FBCBF184670474FEA410C1CF553
:10A0A000001F02D2084600F05FBD70B500F0D0FA84
:10A0B00000000089FFF7F6BF4FF00040A0F58000D8
:10A0C0007047000010B591EA030F48BF83F00043CA
:10A0D00000F1E683841A71EB030C05D2121943EBED
:10A0E0000C03001B61EB0C014FEA1154A4EB135C51
:10A0F000DFF81CE11EEA430F18BF9EEA445F00F040
:10A10000748021EA045123EA0E0343F48013DCF146
:10A11000200E32D322FA0CFE10EB0E0023FA0CFEB6
:10A1200041EB0E01CCF1200E03FA0EFE10EB0E00F7
:10A13000CCF1200E51F10001B1F5801F32D201EBBC
:10A14000045112FA0EF2BDE8104058BF7047401C8F
:10A1500038BF5FEA420218BF7047002814BF20F0E2
:10A16000010041F100014FEA410313F5001F38BF20
:10A170007047A1F1C04100F0B9BA012A43EB0302D4
:10A18000ACF1200CDCF11F0E32BF4FF0000E23FAB1
:10A190000CF310EB030041EB0451B4EB115FD0D092
:10A1A000A1EB045101F58011490801EB04515FEA6C
:10A1B00030000ED350F1000038BF12FA0EFE08D165
:10A1C000BDE81040C9E7401C38BF5FEA4202CAD16F
:10A1D000C3E7BDE810404FEA410313F5001F38BF45
:10A1E0007047A1F1C04100F081BA9EEA445F08D0F7
:10A1F00011EA5E0FBDE8104004BF01F000410020ED
:10A200007047BDE8104070B500F022FA64FBBE3E16
:10A210000000E0FF2DE9C04130B4DFF8A8C23CEAFD
:10A22000111418BF3CEA131400F0F0801CEA11145A
:10A2300081EA030544EAD57418BF1CEA131500F03F
:10A24000CB80A4EB050404F17F7404F500344FF0D7
:10A25000004545EAC12145EAC32341EA505143EA9A
:10A2600052534FEAC0204FEAC222994208BF90429F
:10A2700000F0A0804FEA13650FF24816765D4FEAB2
:10A28000134506FB05F7C7F1807706FB07F74FEA92
:10A29000D737A7FB03687642A7FB06CEC8F5803800
:10A2A00038BFA8F1010807FB08E6A6FB028C4FF0B7
:10A2B000000EE6FB03CED8F100086FEA0C0C5CF14F
:10A2C000000C6FEA0E0E4EF1004EA6FB0C584FF03C
:10A2D0000007E6FB0E87A1FB08C6A0FB07CE16EB26
:10A2E0000E064FF0000545F10005E1FB076515F18D
:10A2F000E04E7EBFA4F580345FEA46066D4116F15C
:10A30000800745F100054FEA172747EA05674FEA3E
:10A3100015254FEA0666A6F1DE46B6F1805F20D924
:10A32000384605EBC47124F0010C01EB0C11BCF1B3
:10A33000FE6F02D8F0BCBDE8008124425CBF01F58D
:10A34000801E9EEAC47F02D4F0BCBDE80081244296
:10A3500000F13980A1F1C041F0BCBDE8004100F03E
:10A36000C5B94FEAD02040EA41504FEAD1214FEA27
:10A37000D22242EA43524FEAD323A7FB028607FBCD
:10A38000036605FB02661EEA0E0F58BFA6EB0056D9
:10A39000B6EB00564FEA520E4EEAC37E18EB0E0E95
:10A3A00056EB530EBCD518EB02085E417F1C55F1ED
:10A3B0000005B5E74FF480154FF000074FF0000699
:10A3C0004FF00008ACE701F1C04101F000414FF04F
:10A3D0000000F0BCBDE800810CEA131511EA0C1F67
:10A3E00000D00CE013EA0C1F00F025804FF00000B5
:10A3F00081EA030101F00041F0BCBDE80081F0BC3E
:10A40000BDE8004181EA030100F070B9F0BCBDE88D
:10A41000004170B500F01CF9097EFC3E00F007B861
:10A420004FF0000081EA030101F00041704781EA2A
:10A43000030100F05BB9F0BCBDE8004122494FF0D8
:10A4400000007047FFFDFBF9F7F5F4F2F0EEEDEBDD
:10A45000E9E8E6E4E3E1E0DEDDDBDAD8D7D5D4D322
:10A46000D1D0CFCDCCCBCAC8C7C6C5C4C2C1C0BF6E
:10A47000BEBDBCBBBAB9B8B7B6B5B4B3B2B1B0AF74
:10A48000AEADACABAAA9A8A8A7A6A5A4A3A3A2A158
:10A49000A09F9F9E9D9C9C9B9A9999989797969513
:10A4A00095949393929191908F8F8E8E8D8C8C8BAF
:10A4B0008B8A898988888787868585848483838237
:10A4C000828181800000FF070000F87F10F00042C9
:10A4D00048BF4042B0FA80F310FA03F10AD0C3F14A
:10A4E0001D0303F5806302EB03524FEA415002EB78
:10A4F000D12170474FF000007047000070B5DFF8C1
:10A5000048C11CEA111E1EBF1CEA13159EEA0C0F5F
:10A5100095EA0C0F00F06F8081EA03044EEAD47EC6
:10A52000AE4421EA4C1123EA4C1341F4801143F468
:10A530008013AEF17F7EA1FB024CA0FB03653619B0
:10A5400055EB0C05A1FB034C4CF10003A0FB021CD6
:10A5500016EB0C06654153F10003094218BF46F0A3
:10A56000010613F4007F0BD14FEA03314FEA0530A7
:10A5700041EA155140EA165034036FF003020AE035
:10A580004FEAC3214FEAC52041EA555140EA5650EF
:10A59000F4026FF0020202EB2E4201EB025585EA53
:10A5A000CE710AD05FEA440C18BF24F0004450F189
:10A5B000000041F1000120EAD47040F2FE7C6245C7
:10A5C00000D270BDA84214BF4FF080444FF0404409
:10A5D000002E08BF0024BEF1806FA8BFA1F1C041CA
:10A5E000BDE8704080F2828001F1C04101F000417D
:10A5F0004FF0000070470CEA13159EEA0C0F18BFCD
:10A6000095EA0C0F06D081EA030E4FF000000EF021
:10A61000004170BD00F01CF88900013E00F007B851
:10A6200000F009B84FEA430C5FEA5C5C08D081EAAD
:10A63000030100F05BB84FEA410C5FEA5C5CF6D1C5
:10A6400002494FF0000070470000FF070000F87F4C
:10A650000EF1020E2EF0030E5EF8046B364205D4A6
:10A66000012A43EB030515F5001F12D8012841EB21
:10A67000010C1CF5001F0CD80ED14FEAD17C0CEB5D
:10A680004C0C0CF1020C15F5001F08BF4CEBD37CF1
:10A6900004E04FF0080C01E04FEAD37C0CEB4C05D2
:10A6A00026FA05F606F00706B6F1040C06D20EEB04
:10A6B000860CBDE870404CF0010C6047DFE80CF000
:10A6C000090B02024FF00041A1F500214FF00000FC
:10A6D00070BD19461046012851EB010418BFD4F58E
:10A6E000001484BF002001F0004170BD0808A0F5EF
:10A6F00000114FEA310170472DE9F04101F5801C4E
:10A70000BCF5001FC0F2A9804FEA115C21EA0C5190
:10A7100041F480110CF1FD0C5FEA5C0C0CF5C07C7F
:10A7200001D340004941890241EA905187022EA499
:10A730008E0EA45D0A0C04FB04F602FB06F6C6F1BD
:10A740004046A4FB0662F60D46EA422606FB06F4E6
:10A75000A4FB01235242C3F1404338BF5B1EA6FB5A
:10A7600002420024E6FB0324D20B42EA4446A6FB45
:10A770000623A1FB02E2A3FB07E4E3FB6142644280
:10A78000C2F1404E38BFAEF1010EA6FB04234FF0DC
:10A790000002E6FB0E32A2FB03463400E2FB6264D9
:10A7A000A1FB06E6A4FB07E8E4FB61687642C8F17A
:10A7B000405838BFA8F10108A2FB06E4A3FB08E556
:10A7C000E2FB6854A1FB05E6A7FB04E8E1FB648615
:10A7D00018F1200556F10006A80940EA8660B10983
:10A7E000A8F11B0808F03F08B8F10A0F1CD901EBCB
:10A7F0000C51BDE8F08100BFFCF5EEE8E2DDD8D3F6
:10A80000CFCBC7C3C0BDB9B6B4B1AEACA9A7A5A3E1
:10A81000A19F9D9B9A9896959392908F8D8C8B89F2
:10A820008887868584838281A0FB006800FB01F213
:10A8300008EB4208B8EB872807D5341858EB010419
:10A84000D5D5401C51F10001D1E7341A78EB010451
:10A85000CDD4401E71F10001C9E75FEA4C0C5FEAFC
:10A860009C5C0DD105D301F000414FF00000BDE824
:10A87000F081BDE8F04170B5FFF7EAFE6DDBFFBE89
:10A88000BDE8F04101494FF0000070470000F87F3B
:10A8900010B591EA030F48BF83F000433FF51AACAF
:10A8A000841A71EB030C07D28CF0004C121943EBA5
:10A8B0000C03001B61EB0C014FEA1154A4EB135C79
:10A8C000DFF8A4E11EEA430F18BF9EEA445F00F0E0
:10A8D000B48021EA045123EA6E035242C3EB6E03B3
:10A8E00038BF5B1EDCF1200E25D322FA0CFE10EBE4
:10A8F0000E0043FA0CFE41EB0E01CCF1200E03FAE0
:10A900000EFE10EB0E00CCF1200E51F1000129D407
:10A9100001EB045112FA0EF2BDE8104058BF704727
:10A92000401C1CBFB2F1004F704700280CBF491CEF
:10A9300020F00100704712EB020E43EB030218BF38
:10A940004FF0010E4EEA4202ACF1200CDCF11E0E7B
:10A9500056D943FA0CFE10EB0E00CCF11E0E51F14D
:10A96000FF31D5D50EF1010E12FA0EFE404141EB3A
:10A97000010101EB445C5FEA5C5C10D901EB04511E
:10A9800010EBDE7038BFBEF1004FBDE8104018BFBD
:10A99000704700280CBF491C20F00100704734D2DA
:10A9A0004FEAD42C24F4006411F500111BD0B1FA45
:10A9B00081F20B3AA41AA41ED2F12003914030FA7E
:10A9C00003F31943904001EBCC7101EB0451002CCF
:10A9D000BDE81040A8BF704701F1C04101F000413F
:10A9E0004FF000007047B0FA80F310FA03F102D183
:10A9F000BDE810407047E41A173C4805C90AE2E771
:10AA000001EB0451BDE81040704749104FEA300097
:10AA100001EB0451BDE8104002E04FF00001704727
:10AA20004A0008BF0042F8D0B2F5001F28BF7047A7
:10AA300001F000414FF0000070479EEA445F07D0EC
:10AA400011EA5E0FBDE8104004BF002100207047EE
:10AA5000BDE8104070B5FFF7FBFD00BF40DFF63EDC
:10AA6000104683F0004170470000E0FF43004FEACA
:10AA7000D30C4FEA3C0C43401FBF40070CF1605120
:10AA800013F0FE4F70471CF0006F03D10CF0004133
:10AA9000002070470CF0004343EA507040EACC00BD
:10AAA00010B500F00EF800BF000000924FEA000160
:10AAB000FFF71CBE4FF00041A1F500214FF0000050
:10AAC00070470EF1020E2EF0030E5EF8044B244286
:10AAD00004D44FEA4102B2F17F4F11D84FEA40034C
:10AAE000B3F17F4F0CD80ED14FEAD07C0CEB4C0C5D
:10AAF0000CF1020CB2F17F4F08BF4CEBD17C04E0AB
:10AB00004FF0080C01E04FEAD17C0CEB4C0324FA27
:10AB100003F404F00704B4F1040C06D20EEB840C29
:10AB2000BDE810404CF0010C6047DFE80CF007086E
:10AB300002024FF00040A0F5800010BD0846420020
:10AB400018BFD2F1807288BF00F0004010BDF1EE56
:10AB5000100A4FF6FF71C0F2C03120EA010040F048
:10AB60004070E1EE100A7047FF2141EAD050C00565
:10AB70007047000000000000000001020304060707
:10AB80000809000000000102030400061016000678
:10AB900010160000891112239B322446AD573665EA
:10ABA000BF74488CC19D5AAFD3BE6CCAE5DB7EE949
:10ABB000F7F88110080193331A22A5562C47B77570
:10ABC0003E64C99C408DDBBF52AEEDDA64CBFFF929
:10ABD00076E802218B30100299132667AF76344451
:10ABE000BD554AADC3BC588ED19F6EEBE7FA7CC809
:10ABF000F5D983310A2091121803A7772E66B55430
:10AC00003C45CBBD42ACD99E508FEFFB66EAFDD8E8
:10AC100074C904428D5316619F702004A915322710
:10AC2000BB364CCEC5DF5EEDD7FC6888E1997AABC8
:10AC3000F3BA85520C4397711E60A1142805B337EF
:10AC40003A26CDDE44CFDFFD56ECE9986089FBBBA8
:10AC500072AA06638F7214409D512225AB343006D0
:10AC6000B9174EEFC7FE5CCCD5DD6AA9E3B8788A88
:10AC7000F19B87730E6295501C41A3352A24B116AF
:10AC80003807CFFF46EEDDDC54CDEBB962A8F99A68
:10AC9000708B088481951AA793B62CC2A5D33EE188
:10ACA000B7F04008C919522BDB3A644EED5F766D60
:10ACB000FF7C899400859BB712A6ADD224C3BFF157
:10ACC00036E0C1184809D33B5A2AE55E6C4FF77D40
:10ACD0007E6C0AA583B4188691972EE3A7F23CC038
:10ACE000B5D14229CB38500AD91B666FEF7E744C20
:10ACF000FD5D8BB502A499961087AFF326E2BDD017
:10AD000034C1C3394A28D11A580BE77F6E6EF55CFF
:10AD10007C4D0CC685D71EE597F42880A1913AA3F7
:10AD2000B3B2444ACD5B5669DF78600CE91D722FDF
:10AD3000FB3E8DD604C79FF516E4A9902081BBB3D6
:10AD400032A2C55A4C4BD7795E68E11C680DF33FBF
:10AD50007A2E0EE787F61CC495D52AA1A3B03882B7
:10AD6000B193466BCF7A5448DD59622DEB3C700E9F
:10AD7000F91F8FF706E69DD414C5ABB122A0B99296
:10AD80003083C77B4E6AD5585C49E33D6A2CF11E7F
:10AD9000780F00000000000000000000000000002C
:10ADA00000003F40000000000000000030004000B4
:10ADB00030004000000009000BC03D000BC03D000A
:10ADC000090018C024407FE02240318000001800B4
:10ADD00024C01B000D803240018003801C402740AE
:10ADE0001C800740004010006000000000000000D0
:10ADF00000000000000000001F80204040200000F4
:10AE0000402020401F8000000000090006001F8035
:10AE1000060009000000040004003F800400040054
:10AE200000000010006000000000000000000400AE
:10AE300004000400040004000000000000400000C2
:10AE4000000000000000002001C0060038004000A3
:10AE500000001F802040204020401F800000000094
:10AE600010403FC000400000000018C021402240B8
:10AE700024401840000010802040244024401B80C3
:10AE8000000002000D0011003FC0014000003C80A6
:10AE9000244024402440238000001F80244024407C
:10AEA0003440038000003000200027C0380020001C
:10AEB00000001B802440244024401B8000001C0014
:10AEC00022C0224022401F800000000000000840F5
:10AED000000000000000000000000460000000000E
:10AEE0000000000004000A0011002080404009001A
:10AEF000090009000900090000000000404020800E
:10AF000011000A000400180020002340240018004B
:10AF100000001F802040274029401F4000000040C3
:10AF200007C039000F0001C0004020403FC024404E
:10AF300024401B8000001F802040204020403080A3
:10AF4000000020403FC0204020401F8000002040E3
:10AF50003FC024402E4030C0000020403FC024406D
:10AF60002E00300000000F0010802040224033806F
:10AF7000020020403FC0040004003FC020402040A9
:10AF800020403FC0204020400000006020202020C2
:10AF90003FC02000200020403FC024400B0030C0B4
:10AFA000204020403FC020400040004000C03FC043
:10AFB0003C0003C03C003FC0000020403FC00C40AC
:10AFC00023003FC020001F802040204020401F80E1
:10AFD000000020403FC024402400180000001F80D3
:10AFE0002140214020E01FA0000020403FC024401D
:10AFF000260019C0004018C024402440224031805F
:10B000000000300020403FC0204030000000200001
:10B010003F80004000403F80200020003E0001C0F3
:10B02000070038002000380007C03C0007C0380087
:10B030000000204039C0060039C020400000200038
:10B04000384007C0384020000000304021C0264072
:10B05000384020C00000000000007FE04020402079
:10B060000000000070000C000380004000000000A1
:10B07000402040207FE00000000000002000400051
:10B080002000000000000010001000100010001050
:10B090000010000000004000000000000000000060
:10B0A00002800540054003C0004020003FC004402E
:10B0B0000440038000000000038004400440064078
:10B0C000000000000380044024403FC00040000016
:10B0D00003800540054003400000000004401FC0FD
:10B0E000244024402000000002E005500550065096
:10B0F000042020403FC00440040003C00040000082
:10B10000044027C0004000000000001000100410A0
:10B1100027E00000000020403FC00140070004C0BD
:10B120000440204020403FC000400040000007C0D5
:10B13000040007C0040003C00000044007C004402E
:10B14000040003C00040000003800440044003806A
:10B150000000041007F004500440038000000000C9
:10B1600003800440045007F00010044007C0024070
:10B17000040004000000000006400540054004C033
:10B180000000000004001F80044000400000040094
:10B1900007800040044007C000400400070004C0CE
:10B1A000018006000400060001C0070001C006007F
:10B1B0000000044006C0010006C004400000041066
:10B1C000071004E00180060004000000044005C0F0
:10B1D0000640044000000000000004007BE0402026
:10B1E0000000000000000000FFF000000000000070
:10B1F00040207BE004000000000040008000400090
:10B2000020002000400000000000000000000000BE
:10B210000000000000000000000000001FCC000C37
:10B22000000000000000000008003000600008007E
:10B23000300060000000022003FC1E20022003FCFE
:10B240001E200220000000000E1811043FFF108491
:10B250000C78000000000F0010840F3800C0077841
:10B2600018840078000000780F8410C411240E9810
:10B2700000E400840008080068007000000000007E
:10B2800000000000000000000000000007E01818A7
:10B29000200440020000000040022004181807E0CB
:10B2A0000000000000000240024001800FF0018019
:10B2B0000240024000000080008000800FF8008003
:10B2C0000080008000000001000D000E0000000062
:10B2D000000000000000000000800080008000806E
:10B2E0000080008000800000000C000C00000000C6
:10B2F000000000000000000000060018006001804F
:10B30000060018002000000007F0080810041004D0
:10B31000080807F000000000080408041FFC0004EF
:10B3200000040000000000000E0C10141024104453
:10B3300011840E0C000000000C18100411041104FC
:10B3400012880C700000000000E003200424082490
:10B350001FFC0024000000001F9810841104110439
:10B36000108810700000000007F008881104110414
:10B3700018880070000000001C00100010FC130072
:10B380001C001000000000000E38114410841084CE
:10B3900011440E38000000000700088C10441044CF
:10B3A000088807F00000000000000000030C030CF8
:10B3B0000000000000000000000000010106000085
:10B3C0000000000000000000008001400220041086
:10B3D000080810040000022002200220022002209F
:10B3E00002200220000000001004080804100220BF
:10B3F00001400080000000000E001200100C106CD4
:10B4000010800F00000003E00C1813E4142417C48C
:10B41000082807D000000004003C03C41C4007407B
:10B4200000E4001C000410041FFC110411041104AA
:10B430000E880070000003E00C18100410041004C3
:10B4400010081C10000010041FFC1004100410044D
:10B45000080807F0000010041FFC1104110417C4B1
:10B4600010040818000010041FFC1104110017C07C
:10B4700010000800000003E00C1810041004104431
:10B480001C780040000010041FFC10840080008025
:10B4900010841FFC10040000100410041FFC100492
:10B4A00010040000000000030001100110011FFE45
:10B4B00010001000000010041FFC1104038014642D
:10B4C000181C1004000010041FFC100400040004E9
:10B4D0000004000C000010041FFC1F0000FC1F00F3
:10B4E0001FFC1004000010041FFC0C04030000E00B
:10B4F00010181FFC100007F00808100410041004B6
:10B50000080807F0000010041FFC10841080108051
:10B5100010800F00000007F0081810241024101CE1
:10B52000080A07F2000010041FFC1104110011C0EA
:10B5300011300E0C000400000E1C11041084108445
:10B5400010441C3800001800100010041FFC1004E8
:10B5500010001800000010001FF810040004000480
:10B5600010041FF8100010001E0011E0001C0070F5
:10B5700013801C0010001FC0103C00E01F0000E002
:10B58000103C1FC000001004180C163401C001C08C
:10B590001634180C100410001C00130400FC1304D3
:10B5A0001C00100000000804101C10641084130418
:10B5B0001C04101800000000000000007FFE400284
:10B5C000400240020000000030000C0003800060D8
:10B5D000001C0003000000004002400240027FFE09
:10B5E00000000000000000000000200040004000BB
:10B5F00040002000000000010001000100010001E6
:10B600000001000100010000400040002000000097
:10B6100000000000000000000098012401440144E3
:10B62000014400FC000410001FFC00880104010418
:10B630000088007000000000007000880104010410
:10B64000010400880000000000700088010401046B
:10B6500011081FFC0004000000F8014401440144EB
:10B66000014400C800000000010401040FFC1104A3
:10B67000110411001800000000D601290129012938
:10B6800001C90106000010041FFC00840100010034
:10B69000010400FC000400000104190419FC00046A
:10B6A0000004000000000000000300010101190176
:10B6B00019FE0000000010041FFC0024004001B42B
:10B6C000010C010400000000100410041FFC000421
:10B6D000000400000000010401FC0104010001FC61
:10B6E0000104010000FC010401FC008401000100D0
:10B6F000010400FC0004000000F80104010401043E
:10B70000010400F80000010101FF008501040104AB
:10B71000008800700000000000700088010401042F
:10B72000010501FF00010104010401FC0084010482
:10B73000010001800000000000CC0124012401244C
:10B7400001240198000000000100010007F8010435
:10B75000010400000000010001F8000400040004DE
:10B76000010801FC0004010001800170000C0010C0
:10B7700001600180010001F0010C003001C00030C7
:10B78000010C01F0010000000104018C0074017043
:10B79000018C01040000010101810171000E0018FB
:10B7A00001600180010000000184010C01340144AA
:10B7B0000184010C000000000000000000000100F6
:10B7C0003EFC400240020000000000000000FFFFBD
:10B7D0000000000000000000400240023EFC0100AA
:10B7E00000000000000000006000800080004000B9
:10B7F000400020002000506F7765723A2000494DCC
:10B80000555F5961773A200030B8000800000020E9
:10B8100028000000EC01000858B8000828000020AB
:10B82000882E00000C0200085DC0FFFF0000000031
:10B830005A0000000024F40017B7D13A17B7D1BA64
:10B840000000B4420000B4420100000010000000FB
:08B8500000000743000007435C
:040000050800018965
:00000001FF
